/*******************************************************************************
 * Size: 16 px
 * Bpp: 2
 * Opts: --font /usr/share/fonts/noto/NotoSans-Bold.ttf --range 0x20-0x7E,0x400-0x4FF --size 16 --bpp 2 --format lvgl --no-kerning --lv-include lvgl.h --lv-font-name osesp32_font_16_bold --lv-fallback lv_font_montserrat_16 -o src/ui/OSEsp32Font16Bold.c
 ******************************************************************************/

#ifdef LV_LVGL_H_INCLUDE_SIMPLE
#include "lvgl.h"
#else
#include "lvgl.h"
#endif

#ifndef OSESP32_FONT_16_BOLD
#define OSESP32_FONT_16_BOLD 1
#endif

#if OSESP32_FONT_16_BOLD

/*-----------------
 *    BITMAPS
 *----------------*/

/*Store the image of the glyphs*/
static LV_ATTRIBUTE_LARGE_CONST const uint8_t glyph_bitmap[] = {
    /* U+0020 " " */

    /* U+0021 "!" */
    0x3d, 0x7, 0xd8, 0x7f, 0xf1, 0x51, 0x2c, 0xc,
    0x9, 0x82, 0xc0,

    /* U+0022 "\"" */
    0x3c, 0x5c, 0x1b, 0xf, 0xd8, 0x7e, 0xf0, 0xe8,

    /* U+0023 "#" */
    0x9, 0xd3, 0x83, 0xfb, 0xd, 0x8a, 0xf, 0x21,
    0x90, 0x78, 0x1c, 0x78, 0x50, 0x10, 0x28, 0xb2,
    0x83, 0x57, 0x16, 0x3b, 0xa0, 0x40, 0xa1, 0x81,
    0x25, 0x10, 0x91, 0xe, 0x4c, 0x8, 0x40,

    /* U+0024 "$" */
    0xd, 0x87, 0x98, 0xa2, 0xa, 0x22, 0xa0, 0x22,
    0x51, 0x10, 0x62, 0xa1, 0x4, 0x21, 0xb0, 0xac,
    0x37, 0x5, 0x86, 0x48, 0x9, 0x7, 0xca, 0xf1,
    0x1, 0x52, 0x13, 0x81, 0xb3, 0x83, 0xd8, 0x60,

    /* U+0025 "%" */
    0x1f, 0x41, 0xbc, 0x1a, 0x2, 0x80, 0x88, 0x49,
    0x64, 0x8, 0x83, 0xfc, 0x90, 0x7f, 0xd0, 0x87,
    0xb4, 0x51, 0x3e, 0x84, 0x63, 0x86, 0x16, 0x3a,
    0x78, 0x91, 0x88, 0xa, 0x11, 0x6, 0x1f, 0x44,
    0x1f, 0xf2, 0x22, 0x50, 0x42, 0x8c, 0x28, 0x54,

    /* U+0026 "&" */
    0xa, 0xf4, 0x1f, 0x68, 0x1c, 0x39, 0x7, 0x83,
    0xfe, 0x43, 0xe4, 0x14, 0x10, 0xf2, 0x23, 0x7,
    0x28, 0x2c, 0x1e, 0x48, 0x62, 0x60, 0x28, 0x13,
    0x12, 0x41, 0xa1, 0x41, 0x22, 0x7, 0xc8, 0x48,
    0x34, 0x35, 0x9,

    /* U+0027 "'" */
    0x3c, 0x1f, 0xfc, 0x2f, 0x0,

    /* U+0028 "(" */
    0x3, 0xc0, 0x88, 0x44, 0x11, 0x86, 0x43, 0xc8,
    0x79, 0xc, 0x81, 0xf, 0xf2, 0x40, 0x84, 0x28,
    0x80, 0xf0,

    /* U+0029 ")" */
    0x3c, 0x12, 0x20, 0x88, 0x3f, 0x22, 0xc, 0xc3,
    0xf9, 0xc, 0x83, 0xc, 0x98, 0x64, 0x84, 0x9,
    0x3, 0xc0,

    /* U+002A "*" */
    0xa, 0xd0, 0xfc, 0x84, 0xc8, 0x15, 0x81, 0x92,
    0x80, 0x78, 0x2f, 0x5, 0x8, 0x84, 0x8c, 0x41,
    0x3c, 0x58, 0x0,

    /* U+002B "+" */
    0xd, 0xa1, 0xe4, 0x3f, 0xf8, 0x75, 0x15, 0x2e,
    0x9, 0x43, 0xe8, 0xbc, 0x87, 0xff, 0x18,

    /* U+002C "," */
    0x3c, 0x84, 0x86, 0x48,

    /* U+002D "-" */
    0xbe, 0x83, 0x80,

    /* U+002E "." */
    0x18, 0x13, 0x5, 0x80,

    /* U+002F "/" */
    0xd, 0xe4, 0x3c, 0x85, 0x8, 0x64, 0xc3, 0xc8,
    0x50, 0x86, 0x48, 0x24, 0x3d, 0x88, 0x64, 0x82,
    0x43, 0xd9, 0x6,

    /* U+0030 "0" */
    0x3, 0xf2, 0x13, 0x5, 0x20, 0x87, 0x48, 0x34,
    0x40, 0x50, 0x7f, 0xf1, 0x30, 0xff, 0xe2, 0xe8,
    0x7f, 0xd1, 0x1, 0x21, 0xd1, 0x3, 0x5, 0x40,

    /* U+0031 "1" */
    0xd, 0xe8, 0x2c, 0x33, 0x87, 0x64, 0x1a, 0x88,
    0x72, 0x1f, 0xfe, 0x20,

    /* U+0032 "2" */
    0x5, 0xf4, 0x16, 0x84, 0xc0, 0x4b, 0x84, 0x16,
    0x88, 0x10, 0xe4, 0x8, 0x74, 0x21, 0xd8, 0x20,
    0xd0, 0x30, 0xd2, 0x61, 0xa4, 0x83, 0x28, 0x17,
    0xd0, 0x7f, 0x0,

    /* U+0033 "3" */
    0x1b, 0xe8, 0x29, 0x9, 0xc1, 0x4f, 0x21, 0x94,
    0x8, 0x3f, 0x42, 0x15, 0xe6, 0x81, 0xf4, 0x85,
    0x7a, 0x24, 0x39, 0xc, 0x85, 0x4, 0xdf, 0x20,
    0x58, 0x33, 0x80,

    /* U+0034 "4" */
    0xe, 0xf4, 0x1d, 0x7, 0xca, 0xf, 0xa0, 0xf9,
    0x10, 0xf4, 0x41, 0xd1, 0x7, 0x2e, 0xe, 0xc7,
    0xc0, 0x70, 0xfe, 0xbf, 0x1, 0xc3, 0xf8,

    /* U+0035 "5" */
    0x2f, 0xe8, 0x3f, 0xf8, 0x2f, 0xd0, 0x13, 0xf,
    0xd7, 0xa0, 0xfc, 0xe0, 0xfc, 0x87, 0xe8, 0x8,
    0x7f, 0xa0, 0xa0, 0x23, 0xf2, 0x20, 0x43, 0x50,

    /* U+0036 "6" */
    0x9, 0xfc, 0x17, 0x7, 0xa0, 0x5f, 0x1, 0x34,
    0x3f, 0x5c, 0x4, 0x1a, 0x38, 0x67, 0x80, 0x85,
    0x8, 0x30, 0xfe, 0x41, 0x8, 0x32, 0x1e, 0x2,
    0x30, 0x4e, 0x0,

    /* U+0037 "7" */
    0xbf, 0xe8, 0x3f, 0xaf, 0xe0, 0x41, 0xd0, 0x7e,
    0x48, 0x39, 0x2, 0x1d, 0x8, 0x72, 0x8, 0x3b,
    0x10, 0xf2, 0x61, 0xd0, 0x10, 0xe4, 0x43, 0x0,

    /* U+0038 "8" */
    0x5, 0xf4, 0x14, 0x84, 0xe0, 0x4b, 0xc1, 0xff,
    0xc1, 0x4a, 0x62, 0x9, 0x11, 0x80, 0xa0, 0x94,
    0x8, 0xb8, 0x84, 0x8, 0xa2, 0xf, 0x26, 0x83,
    0xe0, 0x26, 0x84, 0xe0,

    /* U+0039 "9" */
    0x5, 0xf2, 0x14, 0x85, 0x40, 0x25, 0xa2, 0x20,
    0x48, 0x8, 0x7e, 0xc2, 0x44, 0x24, 0x17, 0x3,
    0x34, 0x10, 0x75, 0xe4, 0x8, 0x76, 0x20, 0xbe,
    0x4, 0x1e, 0xb0, 0x0,

    /* U+003A ":" */
    0x3c, 0x85, 0x93, 0xc, 0x1f, 0xe6, 0x4, 0xc1,
    0x60,

    /* U+003B ";" */
    0x2d, 0x13, 0x26, 0x18, 0x3f, 0xf8, 0x5e, 0x42,
    0x43, 0x24, 0x0,

    /* U+003C "<" */
    0xf, 0xfe, 0x24, 0x87, 0x5a, 0x1a, 0xd5, 0xa5,
    0xab, 0x80, 0xa1, 0x83, 0x32, 0xb9, 0x9, 0xb5,
    0x5a, 0x1a, 0xd0, 0xfd, 0x68,

    /* U+003D "=" */
    0x2b, 0xe5, 0xfe, 0x1f, 0xf9, 0x2b, 0xe5, 0xfe,
    0x0,

    /* U+003E ">" */
    0xf, 0xe6, 0xf, 0xcf, 0x7, 0x3a, 0xb8, 0x3a,
    0xd5, 0xc1, 0xd2, 0x28, 0xd, 0xa4, 0x9c, 0xab,
    0x44, 0x79, 0x9, 0xe0, 0xf0,

    /* U+003F "?" */
    0x2f, 0xa0, 0x48, 0x4e, 0x4f, 0xa0, 0xd0, 0x10,
    0xfb, 0xf, 0x60, 0xc2, 0x87, 0xf, 0x41, 0xd6,
    0x1e, 0x60, 0xf4, 0xc1, 0xc9, 0x84,

    /* U+0040 "@" */
    0xc, 0xdf, 0x48, 0x7a, 0x8b, 0xd4, 0xd, 0xb7,
    0x57, 0x30, 0x11, 0x6f, 0xcb, 0x2, 0x26, 0x10,
    0xb1, 0x2, 0x47, 0x20, 0x4c, 0x3f, 0xf9, 0x48,
    0x13, 0xf, 0x28, 0xe, 0x20, 0x48, 0xa2, 0x4c,
    0x8, 0xde, 0xee, 0xd0, 0x31, 0xdd, 0x3c, 0x1c,
    0xeb, 0xec, 0x20,

    /* U+0041 "A" */
    0xd, 0xf0, 0x7e, 0x42, 0x83, 0xe8, 0x44, 0x3f,
    0xa0, 0xfc, 0x87, 0x41, 0xd0, 0x90, 0x87, 0xd8,
    0x87, 0x90, 0x5e, 0x4, 0x14, 0x1f, 0x21, 0xd7,
    0xd0, 0x68, 0x8, 0x48, 0x21, 0xf, 0x91, 0x0,

    /* U+0042 "B" */
    0xbf, 0xa0, 0xfc, 0xe1, 0xbd, 0x1, 0xe, 0x43,
    0xf2, 0x4, 0x2f, 0x44, 0x1f, 0xb0, 0xdf, 0xc,
    0x1e, 0x44, 0x3c, 0x88, 0x5f, 0x3, 0xf, 0x3a,

    /* U+0043 "C" */
    0xd, 0x7d, 0x20, 0x74, 0x24, 0x28, 0x1f, 0x28,
    0x81, 0x85, 0x1, 0x10, 0xfe, 0xc3, 0xff, 0x8f,
    0x87, 0xf2, 0x1f, 0x40, 0x82, 0x40, 0xa1, 0xfa,
    0x41, 0x40, 0xca,

    /* U+0044 "D" */
    0xbf, 0xa0, 0xfe, 0x74, 0x37, 0xa0, 0x41, 0xe7,
    0x4, 0x1f, 0xfc, 0x54, 0x43, 0xe4, 0x3f, 0xe4,
    0x3c, 0x83, 0xe, 0x60, 0x21, 0x7a, 0x6, 0x1f,
    0x38, 0x0,

    /* U+0045 "E" */
    0xbf, 0xc1, 0xff, 0xc0, 0xfc, 0x1f, 0xfc, 0x8f,
    0xa0, 0xff, 0xe0, 0x7d, 0x7, 0xff, 0x23, 0xf0,
    0x7f, 0x0,

    /* U+0046 "F" */
    0xbf, 0xc1, 0xfe, 0xfc, 0x1f, 0xfc, 0x5f, 0xa0,
    0xff, 0x7d, 0x7, 0xff, 0x40,

    /* U+0047 "G" */
    0xd, 0x7e, 0x82, 0x74, 0x32, 0x14, 0xb, 0xd4,
    0x4, 0xd, 0x2, 0x80, 0x88, 0x7f, 0xb0, 0x7e,
    0x43, 0xff, 0x85, 0x83, 0xc1, 0x91, 0xf, 0xd8,
    0x20, 0xf9, 0x43, 0xf0, 0x75, 0x3, 0x94,

    /* U+0048 "H" */
    0xbc, 0x1a, 0xf0, 0x7f, 0xf7, 0xff, 0x21, 0xff,
    0xc3, 0xfc, 0x87, 0xff, 0x78,

    /* U+0049 "I" */
    0x7f, 0x41, 0xdb, 0x82, 0x43, 0xff, 0xbc, 0xe0,
    0x90, 0xec,

    /* U+004A "J" */
    0xa, 0xf0, 0x7f, 0xfe, 0x51, 0x3c, 0x8, 0x34,
    0x0,

    /* U+004B "K" */
    0xbc, 0x13, 0xe0, 0xfa, 0x20, 0xf6, 0x28, 0x3a,
    0x4, 0x1c, 0xa3, 0xf, 0x41, 0xff, 0xc0, 0x43,
    0xd0, 0x20, 0xf3, 0x82, 0xf, 0x91, 0xf, 0xa0,
    0x41, 0xf4, 0x28,

    /* U+004C "L" */
    0xbc, 0x1f, 0xff, 0xf0, 0xef, 0xc8, 0x7e,

    /* U+004D "M" */
    0xbe, 0xe, 0xfa, 0xf, 0xfe, 0x2a, 0x12, 0x1e,
    0x48, 0x2c, 0x43, 0xfc, 0x87, 0xc8, 0x88, 0x87,
    0xb3, 0x32, 0xf, 0x22, 0x21, 0xff, 0x42, 0x1f,
    0xa1, 0x30, 0xfc, 0x84, 0x87, 0xfc, 0x87, 0x0,

    /* U+004E "N" */
    0xbe, 0xd, 0x70, 0x64, 0x3f, 0xd0, 0x7e, 0x40,
    0x87, 0xe4, 0x83, 0xf4, 0x8, 0x3f, 0x22, 0x1f,
    0xa0, 0x41, 0xfa, 0x10, 0xfc, 0x81, 0xf, 0xd0,
    0x7f, 0x90, 0xc0,

    /* U+004F "O" */
    0x9, 0xbe, 0x83, 0xa8, 0x84, 0xe8, 0x14, 0x3e,
    0x81, 0x3, 0x4, 0x6, 0x2, 0x22, 0x19, 0x6,
    0x1f, 0xfd, 0x94, 0x43, 0x20, 0xcc, 0x10, 0x18,
    0x8, 0xa1, 0xf4, 0x8, 0x2a, 0x21, 0x3a, 0x0,

    /* U+0050 "P" */
    0xbf, 0x90, 0xfd, 0x40, 0xde, 0x44, 0x3d, 0x87,
    0xff, 0x16, 0xf, 0x78, 0x10, 0x7d, 0x21, 0xbe,
    0x43, 0xff, 0xa2,

    /* U+0051 "Q" */
    0x9, 0xbe, 0x83, 0xa8, 0x84, 0xe8, 0x14, 0x3e,
    0x81, 0x3, 0x4, 0x6, 0x2, 0x22, 0x19, 0x6,
    0x1f, 0xfd, 0x94, 0x43, 0x20, 0xcc, 0x10, 0x18,
    0x8, 0xa1, 0xf4, 0x8, 0x2a, 0x21, 0xb4, 0x33,
    0x78, 0x18, 0x7f, 0x40, 0xc3, 0xf3, 0x2c,

    /* U+0052 "R" */
    0xbf, 0x90, 0xfe, 0xa0, 0x77, 0x91, 0xf, 0xa0,
    0x21, 0xfc, 0x87, 0xa0, 0xfb, 0xc9, 0x7, 0xe5,
    0x7, 0x70, 0x87, 0xc8, 0x30, 0xfb, 0x2, 0x1f,
    0x24, 0x0,

    /* U+0053 "S" */
    0x3, 0xf4, 0x82, 0x81, 0x30, 0x11, 0xf5, 0x3,
    0x60, 0x50, 0x69, 0xe, 0x81, 0x68, 0x4e, 0x14,
    0x86, 0xe0, 0x41, 0xcc, 0x1a, 0x41, 0x84, 0xab,
    0xc8, 0x8a, 0xd, 0x40,

    /* U+0054 "T" */
    0xbf, 0xf0, 0x7f, 0x5e, 0x41, 0xf0, 0x7f, 0xff,
    0xc3, 0xc0,

    /* U+0055 "U" */
    0xbc, 0x1a, 0xe0, 0xff, 0xff, 0x81, 0x6, 0x8,
    0x10, 0x35, 0xf, 0x91, 0x45, 0x3, 0x50,

    /* U+0056 "V" */
    0xf4, 0x1d, 0xe1, 0x10, 0xd0, 0x50, 0x79, 0x10,
    0xd0, 0x76, 0x4, 0x40, 0x81, 0x4, 0x1b, 0x10,
    0xf2, 0x26, 0x19, 0x34, 0x8, 0x6c, 0x71, 0xe,
    0x40, 0x98, 0x79, 0x9, 0xf, 0x60, 0x43, 0x0,

    /* U+0057 "W" */
    0xf2, 0x15, 0xe0, 0xde, 0x51, 0x84, 0x87, 0xe7,
    0x10, 0xf2, 0x4, 0x24, 0x32, 0x16, 0xc, 0x43,
    0x26, 0x42, 0x4, 0xc0, 0x98, 0x88, 0x79, 0x6,
    0x21, 0x91, 0x41, 0xc8, 0x10, 0xb3, 0xc2, 0x1e,
    0xc4, 0x44, 0x18, 0x64, 0x4c, 0x32, 0x21, 0xb0,
    0x90, 0x21, 0xf9, 0xf, 0x60, 0x42,

    /* U+0058 "X" */
    0x7c, 0x85, 0x78, 0x41, 0x4, 0x90, 0x30, 0x26,
    0x4, 0x24, 0x90, 0x41, 0xa0, 0x42, 0x83, 0xa0,
    0xa0, 0xf6, 0x1f, 0xe4, 0x2c, 0x3b, 0x6, 0x4,
    0x24, 0x18, 0x90, 0x50, 0x82, 0x4, 0x40, 0x82,
    0x85, 0x0,

    /* U+0059 "Y" */
    0xbc, 0x1b, 0xe2, 0x2, 0x4, 0x18, 0x12, 0x4,
    0x21, 0x40, 0x50, 0x20, 0xc9, 0x41, 0xe, 0x83,
    0x41, 0xe4, 0x8, 0x7d, 0x83, 0xf, 0x90, 0x21,
    0xff, 0xd9,

    /* U+005A "Z" */
    0x7f, 0xe8, 0x3f, 0x9f, 0xd0, 0x20, 0xe8, 0x83,
    0xb0, 0x21, 0x90, 0x61, 0xd0, 0x87, 0x40, 0x83,
    0x28, 0xc3, 0xa1, 0xe, 0x80, 0xff, 0x7, 0xf0,

    /* U+005B "[" */
    0xfc, 0x5, 0x2, 0x81, 0xff, 0xda, 0xa0, 0x14,

    /* U+005C "\\" */
    0xb4, 0x36, 0x41, 0x90, 0xf9, 0x20, 0xd8, 0x86,
    0x43, 0xe4, 0x83, 0x42, 0x1f, 0x21, 0x93, 0xd,
    0x8, 0x7c, 0x80,

    /* U+005D "]" */
    0xbe, 0x34, 0x26, 0xf, 0xff, 0x23, 0x5, 0xa1,
    0x0,

    /* U+005E "^" */
    0xc, 0x87, 0xd4, 0x43, 0xc9, 0x7, 0x44, 0x21,
    0x96, 0x20, 0x93, 0x21, 0x4, 0x22, 0x42, 0x41,
    0x44,

    /* U+005F "_" */
    0x3f, 0xd1, 0xfe, 0x80,

    /* U+0060 "`" */
    0x19, 0xc, 0xc1, 0x39, 0x80,

    /* U+0061 "a" */
    0x5, 0xf8, 0x32, 0x1b, 0xa, 0xf8, 0x8, 0x10,
    0xf9, 0xfc, 0x1a, 0x1a, 0x4, 0x82, 0x50, 0x48,
    0x3b, 0xd, 0x1, 0xa0, 0x0,

    /* U+0062 "b" */
    0xf4, 0x1f, 0xfc, 0xfb, 0xd0, 0x65, 0x1, 0x83,
    0x79, 0x10, 0x90, 0x40, 0x43, 0xff, 0x90, 0x82,
    0x2, 0x17, 0x91, 0x9, 0x9, 0x80,

    /* U+0063 "c" */
    0x3, 0x7c, 0x8c, 0x87, 0x40, 0xf9, 0xa, 0xf,
    0x90, 0xf9, 0xf, 0xa0, 0x92, 0x7, 0xe1, 0x83,
    0x60,

    /* U+0064 "d" */
    0xf, 0x3e, 0xf, 0xfe, 0x45, 0xe8, 0x34, 0x81,
    0x82, 0x41, 0xe0, 0xf4, 0x8, 0x39, 0xf, 0xc8,
    0x7e, 0x81, 0x4, 0x83, 0xc1, 0xa4, 0xe, 0x0,

    /* U+0065 "e" */
    0x3, 0xf4, 0x13, 0x4, 0xe0, 0x87, 0xc9, 0x6,
    0xa2, 0x21, 0x2c, 0x1e, 0xbf, 0x82, 0x83, 0xd0,
    0x3f, 0x23, 0xa1, 0x28,

    /* U+0066 "f" */
    0x3, 0xf4, 0x8, 0x2c, 0x41, 0xe5, 0x40, 0xf1,
    0x87, 0xa8, 0xf, 0x7, 0xff, 0x7c,

    /* U+0067 "g" */
    0x5, 0xe8, 0xf0, 0xa0, 0x38, 0x50, 0x3c, 0x1e,
    0x81, 0x7, 0x21, 0xf9, 0xf, 0xd8, 0x20, 0x91,
    0xf0, 0x69, 0x3, 0x6, 0xbd, 0x61, 0x21, 0x91,
    0x2f, 0xc0, 0xc8, 0x33, 0x20,

    /* U+0068 "h" */
    0xf4, 0x1f, 0xfc, 0xfb, 0xd0, 0x65, 0x1, 0xc3,
    0x5a, 0x1c, 0xa2, 0x2, 0x1f, 0xfe, 0x10,

    /* U+0069 "i" */
    0xb5, 0x1e, 0xa7, 0x40, 0xff, 0xe6, 0x0,

    /* U+006A "j" */
    0x5, 0xa0, 0x4c, 0x1d, 0x1, 0xd0, 0x3f, 0xfc,
    0xde, 0x6, 0x14, 0x80,

    /* U+006B "k" */
    0xf4, 0x1f, 0xfd, 0x17, 0xc8, 0x66, 0x24, 0x34,
    0x48, 0x6c, 0x50, 0x64, 0x3f, 0x91, 0x41, 0x99,
    0x20, 0xf4, 0xc, 0x3d, 0x82,

    /* U+006C "l" */
    0xf4, 0x1f, 0xfd, 0x50,

    /* U+006D "m" */
    0xf1, 0x7a, 0x1f, 0x90, 0xb4, 0xf, 0x5, 0x6,
    0xf2, 0x7, 0x80, 0x81, 0x6, 0x8, 0x43, 0xff,
    0xfa,

    /* U+006E "n" */
    0xf1, 0x7a, 0xd, 0xa0, 0x70, 0xde, 0x43, 0x90,
    0x40, 0x43, 0xff, 0xc2,

    /* U+006F "o" */
    0x3, 0xf4, 0x84, 0xc1, 0x32, 0x8, 0x7c, 0x90,
    0x6c, 0x18, 0x79, 0xf, 0xe4, 0x3f, 0xb0, 0x61,
    0xa1, 0xf2, 0x40, 0x64, 0x29, 0x0,

    /* U+0070 "p" */
    0xf3, 0x7a, 0xd, 0x20, 0x60, 0xde, 0x44, 0x24,
    0x10, 0x10, 0xff, 0xe4, 0x20, 0x80, 0x85, 0xe4,
    0x42, 0x50, 0x18, 0x35, 0xe8, 0x3f, 0xfa, 0x20,

    /* U+0071 "q" */
    0x5, 0xe8, 0xf1, 0x20, 0x70, 0x91, 0xf0, 0x7b,
    0x4, 0x1c, 0x87, 0xe4, 0x3f, 0x60, 0x82, 0x47,
    0xc1, 0xa4, 0xc, 0x1a, 0xf4, 0x1f, 0xfd, 0x20,

    /* U+0072 "r" */
    0xf0, 0xf8, 0x14, 0xc, 0xab, 0xa, 0x42, 0x43,
    0xff, 0x9e,

    /* U+0073 "s" */
    0x5, 0xf4, 0xd, 0x9, 0xd, 0xf8, 0x37, 0x6,
    0xc0, 0xf0, 0x5c, 0x88, 0x11, 0x80, 0xab, 0xe0,
    0x2c, 0x13, 0x80,

    /* U+0074 "t" */
    0x7, 0x83, 0xfc, 0xe0, 0xf3, 0x87, 0xa4, 0x1e,
    0x43, 0xff, 0x95, 0x87, 0xf7, 0x91, 0x41, 0x80,

    /* U+0075 "u" */
    0xf4, 0x17, 0x83, 0xff, 0xbc, 0x87, 0x20, 0xc2,
    0x81, 0xe4, 0x25, 0x5, 0x84,

    /* U+0076 "v" */
    0xf4, 0x15, 0xe2, 0x10, 0x91, 0x10, 0x21, 0xa0,
    0x26, 0x21, 0xd8, 0x91, 0x4, 0x81, 0x2, 0x19,
    0x21, 0xe, 0x82, 0xc3, 0xf9, 0x8,

    /* U+0077 "w" */
    0xb8, 0x17, 0x90, 0x79, 0xc4, 0x8, 0x30, 0xca,
    0xe, 0x44, 0x43, 0xca, 0x30, 0xb1, 0x2, 0x78,
    0x50, 0x13, 0x6, 0x21, 0x64, 0x4, 0x8, 0x10,
    0x22, 0x21, 0xf2, 0x1d, 0x86, 0x81, 0x81, 0x2,
    0x0,

    /* U+0078 "x" */
    0x7c, 0x17, 0xa1, 0x6, 0x40, 0x81, 0x82, 0x48,
    0x32, 0x20, 0x43, 0x41, 0x41, 0xd0, 0x50, 0x65,
    0x10, 0x20, 0xa1, 0x50, 0x82, 0x4, 0x20, 0xc0,

    /* U+0079 "y" */
    0xf4, 0x15, 0xe2, 0x10, 0x91, 0x10, 0x21, 0xa0,
    0x26, 0x21, 0xd8, 0x91, 0x4, 0x81, 0x2, 0x1a,
    0x20, 0xf9, 0xa, 0xf, 0x20, 0x43, 0xf2, 0x1e,
    0x51, 0x86, 0x78, 0x50, 0x7c, 0xc1, 0xc0,

    /* U+007A "z" */
    0x7f, 0xc8, 0x7c, 0xaf, 0x80, 0x86, 0x81, 0x4,
    0xa3, 0xd, 0x10, 0x6c, 0x8, 0x48, 0x5f, 0x38,
    0x7c,

    /* U+007B "{" */
    0xa, 0xe0, 0x48, 0x64, 0xa0, 0x7f, 0xf1, 0x12,
    0xc4, 0x8, 0x77, 0x8, 0x48, 0x10, 0xff, 0xe1,
    0xa5, 0x1, 0x20,

    /* U+007C "|" */
    0x74, 0x3f, 0xfc, 0x20,

    /* U+007D "}" */
    0x7c, 0x87, 0xa0, 0x9c, 0x3f, 0xf9, 0x68, 0x68,
    0xb0, 0xff, 0x45, 0x87, 0x21, 0xff, 0xc4, 0x70,
    0xfd, 0x4,

    /* U+007E "~" */
    0x1a, 0x21, 0x2a, 0x55, 0xf0, 0x2f, 0x20, 0x5c,
    0xb, 0xd0,

    /* U+0400 "Ѐ" */
    0x2f, 0x7, 0x50, 0x83, 0x98, 0x35, 0xe9, 0xf0,
    0x7f, 0xf0, 0x3f, 0x7, 0xff, 0x23, 0xf0, 0x7f,
    0xf0, 0x3f, 0x7, 0xff, 0x23, 0xf0, 0x7f, 0x0,

    /* U+0401 "Ё" */
    0x3c, 0x3a, 0x1d, 0x86, 0xf1, 0x44, 0xbf, 0x58,
    0x7f, 0xf0, 0x3f, 0x7, 0xff, 0x23, 0xf0, 0x7f,
    0xf0, 0x3f, 0x7, 0xff, 0x23, 0xf0, 0x7f, 0x0,

    /* U+0402 "Ђ" */
    0xbf, 0xf0, 0x7f, 0xf0, 0xef, 0x2, 0xf8, 0x3f,
    0xfa, 0x97, 0xd0, 0x7f, 0xce, 0x1e, 0x7d, 0x1,
    0xe, 0xc0, 0x87, 0xfc, 0x87, 0xf3, 0xc0, 0x43,
    0xf9, 0xc0,

    /* U+0403 "Ѓ" */
    0xd, 0xf0, 0x64, 0x70, 0xea, 0x2, 0xf5, 0x3d,
    0x7, 0xfd, 0xfa, 0xf, 0xff, 0xe0,

    /* U+0404 "Є" */
    0x9, 0xbe, 0x90, 0x32, 0x13, 0x8c, 0xb, 0xcc,
    0x60, 0xd0, 0x40, 0x44, 0x3f, 0x9f, 0xc8, 0x7f,
    0xf0, 0x9f, 0xc8, 0x64, 0x3e, 0x81, 0x4, 0xa1,
    0x43, 0xf4, 0x15, 0x3, 0x28,

    /* U+0405 "Ѕ" */
    0x3, 0xf4, 0x82, 0x81, 0x30, 0x11, 0xf5, 0x3,
    0x60, 0x50, 0x69, 0xe, 0x81, 0x61, 0x9c, 0x2d,
    0xd, 0xc0, 0x83, 0x98, 0x26, 0xb, 0xc, 0xfc,
    0x88, 0xa0, 0xd4, 0x0,

    /* U+0406 "І" */
    0xbc, 0x1f, 0xfd, 0x50,

    /* U+0407 "Ї" */
    0x73, 0xc6, 0x21, 0x51, 0xf0, 0x3e, 0xf, 0xff,
    0xc0,

    /* U+0408 "Ј" */
    0xa, 0xf0, 0x7f, 0xfe, 0x51, 0x3c, 0x8, 0x34,
    0x0,

    /* U+0409 "Љ" */
    0x3, 0xff, 0x7, 0xff, 0x3f, 0xd0, 0x7f, 0xf0,
    0x10, 0xff, 0xe0, 0xe1, 0xf7, 0xd0, 0x7f, 0xf0,
    0xdc, 0x3f, 0xef, 0x40, 0x83, 0x61, 0xf2, 0x84,
    0x8, 0x7f, 0x90, 0x90, 0x21, 0xf2, 0x7, 0x83,
    0xf7, 0xa0, 0x41, 0x61, 0xfc, 0xe0,

    /* U+040A "Њ" */
    0xbc, 0x1b, 0xd0, 0x7f, 0xff, 0x7f, 0x1, 0xf9,
    0xf, 0xfe, 0x1d, 0x3, 0x7e, 0x3, 0xe4, 0x43,
    0xff, 0x83, 0x1, 0xf, 0xfe, 0x4, 0x4, 0x3f,
    0x9f, 0x22, 0x1f, 0xfc, 0x2a, 0x0,

    /* U+040B "Ћ" */
    0xbf, 0xf0, 0x7f, 0xf0, 0xef, 0x2, 0xf8, 0x3f,
    0xfa, 0x97, 0xd0, 0x7f, 0xce, 0x1e, 0x7d, 0x1,
    0xe, 0xc0, 0x87, 0xff, 0x6c,

    /* U+040C "Ќ" */
    0xc, 0xf9, 0xf, 0xa3, 0x43, 0xcd, 0x87, 0x5e,
    0x50, 0xf9, 0xf, 0xa1, 0x41, 0xe4, 0x10, 0x7d,
    0x10, 0x7d, 0x1, 0xf, 0x69, 0x87, 0xf9, 0xf,
    0xb4, 0x83, 0xf4, 0x8, 0x3f, 0x42, 0x83, 0xe4,
    0x10, 0x7e, 0xc1, 0x0,

    /* U+040D "Ѝ" */
    0xb, 0xe0, 0xfd, 0xa4, 0x1f, 0xa9, 0x86, 0xbc,
    0x5, 0x7c, 0x1f, 0x41, 0xfe, 0x43, 0xfa, 0xf,
    0xf2, 0x41, 0xf4, 0x28, 0x3e, 0x49, 0xf, 0x42,
    0x1f, 0x92, 0xf, 0xe4, 0x3f, 0xd0, 0x7f, 0x21,
    0xf0,

    /* U+040E "Ў" */
    0x9, 0x9, 0xe, 0xa8, 0xe4, 0x34, 0x38, 0xa0,
    0xef, 0x5c, 0x15, 0xe0, 0x23, 0xe2, 0x2, 0x16,
    0x21, 0xb0, 0x93, 0x4, 0x20, 0x40, 0x81, 0x2,
    0x44, 0x1a, 0x20, 0x90, 0xc8, 0x31, 0xf, 0x21,
    0x41, 0xe8, 0x3f, 0xd0, 0x20, 0xef, 0x22, 0x83,
    0xf3, 0x7, 0x0,

    /* U+040F "Џ" */
    0xbc, 0x1a, 0xf0, 0x7f, 0xff, 0xc3, 0xff, 0x8d,
    0xf9, 0xf, 0xfe, 0x5, 0xf0, 0x2f, 0x83, 0xff,
    0x84, 0xb0, 0x40,

    /* U+0410 "А" */
    0xd, 0xf0, 0x7e, 0x42, 0x83, 0xe8, 0x44, 0x3f,
    0xa0, 0xfc, 0x87, 0x41, 0xd0, 0x90, 0x87, 0xd8,
    0x87, 0x90, 0x5e, 0x4, 0x14, 0x1f, 0x21, 0xd7,
    0xd0, 0x68, 0x8, 0x48, 0x21, 0xf, 0x91, 0x0,

    /* U+0411 "Б" */
    0xbf, 0xe0, 0xff, 0xe0, 0xff, 0x7, 0xff, 0x2b,
    0xe8, 0x3f, 0x38, 0x6f, 0x40, 0x43, 0x90, 0x61,
    0xc8, 0x30, 0xbd, 0x1, 0xf, 0x38,

    /* U+0412 "В" */
    0xbf, 0xa0, 0xfc, 0xe1, 0xbd, 0x2, 0xe, 0x43,
    0xf2, 0x8, 0x2f, 0x44, 0x1f, 0xa0, 0xdf, 0x2,
    0xf, 0x22, 0x1e, 0x44, 0x2f, 0x81, 0x87, 0x9d,

    /* U+0413 "Г" */
    0xbf, 0xd0, 0x7f, 0xdf, 0xa0, 0xff, 0xfe, 0x0,

    /* U+0414 "Д" */
    0xb, 0xfe, 0x83, 0xff, 0x91, 0xf2, 0x1f, 0xfe,
    0x14, 0x3f, 0xf8, 0x48, 0x7f, 0xa0, 0xff, 0x90,
    0x41, 0xfb, 0x81, 0xf9, 0x1d, 0xf, 0xfe, 0x1b,
    0xff, 0x7, 0xff, 0x12, 0xa0, 0xfa, 0x88,

    /* U+0415 "Е" */
    0xbf, 0xc1, 0xff, 0xc0, 0xfc, 0x1f, 0xfc, 0x8f,
    0xc1, 0xff, 0xc0, 0xfc, 0x1f, 0xfc, 0x8f, 0xc1,
    0xfc,

    /* U+0416 "Ж" */
    0x3c, 0x81, 0xf0, 0x4f, 0x80, 0x90, 0x7e, 0x84,
    0x10, 0x10, 0xf4, 0x8, 0x28, 0x83, 0xc9, 0x6,
    0x41, 0x6, 0x85, 0x7, 0x63, 0x3, 0x48, 0x3c,
    0x87, 0xe4, 0x3d, 0xc, 0xd, 0x20, 0xe8, 0x10,
    0x68, 0x10, 0x4a, 0x20, 0xf4, 0x21, 0x40, 0x43,
    0xc8, 0x32, 0x6, 0x1f, 0xa0, 0x40,

    /* U+0417 "З" */
    0x1f, 0xd0, 0x50, 0x67, 0x5, 0x3c, 0x81, 0x14,
    0x8, 0x3f, 0x40, 0x41, 0xf2, 0xb0, 0xf9, 0x82,
    0xfa, 0x14, 0x1c, 0x83, 0x10, 0x90, 0x6d, 0xf4,
    0x5, 0x83, 0x38,

    /* U+0418 "И" */
    0xbc, 0x1b, 0xe0, 0xfa, 0xf, 0xf2, 0x1f, 0xd0,
    0x7f, 0x92, 0xf, 0xa1, 0x41, 0xf2, 0x48, 0x7a,
    0x10, 0xfc, 0x90, 0x7f, 0x21, 0xfe, 0x83, 0xf9,
    0xf, 0x80,

    /* U+0419 "Й" */
    0x2, 0x82, 0x43, 0xba, 0x1c, 0x86, 0x87, 0x14,
    0x1d, 0xfa, 0xa, 0xf0, 0x6f, 0x83, 0xe8, 0x3f,
    0xc8, 0x7f, 0x41, 0xfe, 0x48, 0x3e, 0x85, 0x7,
    0xc9, 0x21, 0xe8, 0x43, 0xf2, 0x41, 0xfc, 0x87,
    0xfa, 0xf, 0xe4, 0x3e,

    /* U+041A "К" */
    0xbc, 0x13, 0xe4, 0x3e, 0x85, 0x7, 0x90, 0x41,
    0xf4, 0x41, 0xf4, 0x4, 0x3d, 0xa6, 0x1f, 0xe4,
    0x3e, 0xd2, 0xf, 0xd0, 0x20, 0xfd, 0xa, 0xf,
    0x90, 0x41, 0xfb, 0x4, 0x0,

    /* U+041B "Л" */
    0x3, 0xff, 0x21, 0xff, 0xc1, 0xc1, 0xf0, 0x7c,
    0x87, 0xff, 0x75, 0x30, 0xff, 0xe3, 0x20, 0x43,
    0xdc, 0x1f, 0xfc, 0xc, 0x3e,

    /* U+041C "М" */
    0xbe, 0xe, 0xfa, 0xf, 0xfe, 0x2a, 0x12, 0x1e,
    0x48, 0x2c, 0x43, 0xfc, 0x87, 0xc8, 0x88, 0x87,
    0xb3, 0x32, 0xf, 0x22, 0x21, 0xff, 0x42, 0x1f,
    0xa1, 0x30, 0xfc, 0x84, 0x87, 0xfc, 0x87, 0x0,

    /* U+041D "Н" */
    0xbc, 0x1a, 0xf0, 0x7f, 0xf7, 0xff, 0x21, 0xff,
    0xc3, 0xfc, 0x87, 0xff, 0x78,

    /* U+041E "О" */
    0x9, 0xfd, 0x7, 0x50, 0x33, 0x84, 0xa1, 0xf4,
    0xc, 0x10, 0x20, 0x30, 0x79, 0xc, 0x81, 0xb,
    0xf, 0xb0, 0xff, 0xe1, 0xe1, 0xf6, 0x12, 0x19,
    0x2, 0x40, 0x80, 0xc1, 0x94, 0x3e, 0x81, 0x85,
    0x40, 0xce, 0x0,

    /* U+041F "П" */
    0xbf, 0xf8, 0x3f, 0xf8, 0x3f, 0x90, 0xff, 0xff,
    0x87, 0xff, 0x14,

    /* U+0420 "Р" */
    0xbf, 0x90, 0xfd, 0x40, 0xde, 0x2, 0x1e, 0x83,
    0xff, 0x8b, 0x7, 0xbc, 0x8, 0x3e, 0x90, 0xdf,
    0x21, 0xff, 0xd1,

    /* U+0421 "С" */
    0x9, 0xbe, 0x90, 0x51, 0x9, 0x2, 0x81, 0xf2,
    0x8c, 0x18, 0x50, 0x11, 0xf, 0xec, 0x3f, 0xf8,
    0xf8, 0x7f, 0x21, 0xf4, 0xd, 0x2, 0x5, 0x2,
    0xf4, 0x82, 0x81, 0x94,

    /* U+0422 "Т" */
    0xbf, 0xf0, 0x7f, 0x5e, 0x41, 0xf0, 0x7f, 0xff,
    0xc3, 0xc0,

    /* U+0423 "У" */
    0xbc, 0x19, 0xf1, 0x1, 0xb, 0x10, 0xd8, 0x49,
    0x82, 0x10, 0x20, 0x40, 0x81, 0x22, 0xd, 0x10,
    0x48, 0x64, 0x18, 0x87, 0x90, 0xa0, 0xf4, 0x1f,
    0xe8, 0x10, 0x77, 0x91, 0x41, 0xf9, 0x83, 0x80,

    /* U+0424 "Ф" */
    0xf, 0x79, 0xf, 0xcf, 0x81, 0x70, 0x77, 0x7,
    0x9d, 0x4, 0xb, 0x5, 0xa4, 0x4, 0x90, 0xe8,
    0x8, 0x7f, 0xf0, 0x70, 0xff, 0xe0, 0xe2, 0x48,
    0x74, 0x4, 0x81, 0x60, 0xb4, 0x82, 0xd0, 0xf3,
    0x21, 0xaf, 0x2, 0xe4, 0x3f, 0xf8, 0x80,

    /* U+0425 "Х" */
    0x7c, 0x19, 0xf0, 0x83, 0xa, 0x20, 0x60, 0x48,
    0x8, 0x49, 0x9, 0x6, 0x81, 0x8a, 0xe, 0x82,
    0x83, 0xd8, 0x7f, 0x90, 0xb0, 0xec, 0x70, 0x21,
    0x20, 0x84, 0x82, 0x88, 0x10, 0x22, 0x2, 0x14,
    0x28,

    /* U+0426 "Ц" */
    0xbc, 0x1a, 0xe0, 0xff, 0xff, 0x87, 0xff, 0x6b,
    0xf2, 0x3a, 0x1f, 0xfc, 0xb, 0xff, 0x7, 0xff,
    0x32, 0x88,

    /* U+0427 "Ч" */
    0xf4, 0x13, 0xe0, 0xff, 0xee, 0xa2, 0x81, 0x85,
    0x2, 0xf2, 0x1a, 0xf, 0xe7, 0xf4, 0x1f, 0xfd,
    0x50,

    /* U+0428 "Ш" */
    0xbc, 0x15, 0xe0, 0xae, 0xf, 0xff, 0xf8, 0x7f,
    0xfb, 0x50, 0xef, 0x90, 0x7c, 0x1f, 0xfc, 0x60,

    /* U+0429 "Щ" */
    0xbc, 0x17, 0xa0, 0xbd, 0x7, 0xff, 0xfc, 0x3f,
    0xff, 0xe1, 0xfb, 0xe0, 0x3f, 0x1, 0xc3, 0xff,
    0x8d, 0x7f, 0xff, 0x2, 0xf, 0xfe, 0xaa, 0xc0,

    /* U+042A "Ъ" */
    0xbf, 0x41, 0xff, 0xc6, 0xbc, 0x1f, 0xfc, 0xe7,
    0xe4, 0x3f, 0xea, 0x7, 0x9f, 0x22, 0x1f, 0xd0,
    0x10, 0xff, 0xe4, 0x40, 0x43, 0x9f, 0x22, 0x1f,
    0xea, 0x0,

    /* U+042B "Ы" */
    0xbc, 0x1f, 0x79, 0xf, 0xfe, 0xf7, 0xd0, 0x7f,
    0xf0, 0x1c, 0x3f, 0x79, 0x2, 0x1f, 0xd0, 0x7f,
    0xf3, 0x60, 0xff, 0x79, 0x2, 0x1f, 0xe7, 0xe,

    /* U+042C "Ь" */
    0xbc, 0x1f, 0xfd, 0x8f, 0xa0, 0xfc, 0xe1, 0xbc,
    0x81, 0xe, 0x81, 0x87, 0xff, 0xa, 0x6, 0x17,
    0x90, 0x21, 0xe7, 0x0,

    /* U+042D "Э" */
    0x1f, 0xd0, 0x68, 0x33, 0x85, 0x4f, 0x40, 0xc0,
    0xa0, 0x30, 0x7f, 0x20, 0x41, 0xfc, 0xc, 0x3f,
    0xf8, 0x1f, 0xc0, 0xc3, 0xc8, 0x11, 0x9, 0x83,
    0x5f, 0x40, 0xc0, 0x86, 0x70, 0x0,

    /* U+042E "Ю" */
    0xbc, 0x1a, 0xfa, 0xf, 0xed, 0x9, 0xc3, 0xec,
    0x1f, 0x2, 0xe, 0x41, 0x85, 0x8, 0x76, 0x1e,
    0x40, 0x85, 0xa1, 0xff, 0xd0, 0xd0, 0xff, 0xe1,
    0x61, 0xe8, 0x8, 0x64, 0x18, 0x14, 0x21, 0xe8,
    0x1e, 0x81, 0x7, 0x9d, 0x9, 0xc0,

    /* U+042F "Я" */
    0xa, 0xfe, 0x41, 0xa1, 0xf4, 0xb, 0xc1, 0xf2,
    0x1f, 0xfc, 0x4c, 0x8, 0x79, 0x5, 0xe0, 0xec,
    0x3f, 0x90, 0x58, 0x74, 0x28, 0x3a, 0x4, 0x1c,
    0xa2, 0xf, 0x0,

    /* U+0430 "а" */
    0x1b, 0xe8, 0x32, 0x13, 0x81, 0xbd, 0x1, 0x2,
    0x4, 0x33, 0xf8, 0x34, 0x34, 0x9, 0x4, 0xa0,
    0x90, 0x7c, 0x1a, 0xa, 0x80,

    /* U+0431 "б" */
    0xf, 0xfe, 0x13, 0x79, 0x9, 0xe4, 0x18, 0x50,
    0x1b, 0x81, 0xf, 0x21, 0x93, 0xbd, 0x7, 0x48,
    0x18, 0x3b, 0xc8, 0x88, 0x20, 0x41, 0x21, 0xf9,
    0xf, 0xe4, 0x48, 0x10, 0x68, 0x1e, 0x48, 0x2d,
    0xa, 0x40,

    /* U+0432 "в" */
    0xff, 0x41, 0x90, 0x28, 0xd, 0x83, 0x3, 0x40,
    0x41, 0x28, 0x42, 0x7c, 0x30, 0x72, 0x20, 0x6d,
    0x10, 0x90, 0x30,

    /* U+0433 "г" */
    0xbf, 0x90, 0xfe, 0x7e, 0x43, 0xff, 0xbc,

    /* U+0434 "д" */
    0x7, 0xfc, 0x1f, 0xfc, 0x5f, 0x21, 0xff, 0xda,
    0x84, 0x3e, 0xd1, 0xf2, 0xc, 0x3f, 0xf8, 0x57,
    0xf0, 0x7f, 0xf0, 0xb9, 0xe, 0xa0,

    /* U+0435 "е" */
    0x3, 0xf4, 0x13, 0x4, 0xe0, 0x8b, 0xc0, 0x82,
    0xe8, 0x12, 0x5, 0x82, 0x41, 0xfd, 0x5, 0x4,
    0x82, 0x1f, 0xa0, 0x32, 0x12, 0x0,

    /* U+0436 "ж" */
    0x3c, 0x17, 0x80, 0xf8, 0x9, 0x87, 0xa2, 0x4,
    0x8, 0x34, 0x28, 0x2c, 0x70, 0x69, 0x7, 0xff,
    0x1a, 0x6, 0xc, 0x10, 0x4a, 0x30, 0xd0, 0x85,
    0x8, 0x72, 0xc, 0x81, 0x7, 0xb0, 0x20,

    /* U+0437 "з" */
    0x2f, 0xc8, 0x10, 0xd0, 0x3f, 0x1, 0x5, 0x31,
    0x40, 0x50, 0x7b, 0xe1, 0x41, 0xf6, 0xfe, 0x6,
    0xa0, 0x99,

    /* U+0438 "и" */
    0xb8, 0xf, 0xa0, 0xe8, 0x3e, 0x83, 0xf2, 0x21,
    0xd1, 0x21, 0xc8, 0x87, 0x24, 0x1f, 0x90, 0xfa,
    0xe,

    /* U+0439 "й" */
    0x19, 0x18, 0x33, 0x72, 0x13, 0xd5, 0x87, 0x2c,
    0x15, 0xc0, 0x7d, 0x7, 0x41, 0xf4, 0x1f, 0x91,
    0xe, 0x89, 0xe, 0x44, 0x39, 0x20, 0xfc, 0x87,
    0xd0, 0x70,

    /* U+043A "к" */
    0xb8, 0x2f, 0x7, 0xb1, 0xe, 0x41, 0x7, 0x44,
    0x19, 0xc0, 0x87, 0xff, 0x5, 0xc1, 0x87, 0xb0,
    0x41, 0xe8, 0x50,

    /* U+043B "л" */
    0x7, 0xfc, 0x1f, 0xfc, 0x1f, 0x21, 0xff, 0xc9,
    0x43, 0xf6, 0x21, 0xda, 0x61, 0xf2, 0x83, 0x80,

    /* U+043C "м" */
    0xbe, 0x9, 0xf8, 0x3f, 0x61, 0xf9, 0x2, 0x1e,
    0x48, 0x44, 0x3b, 0x41, 0x90, 0x77, 0x89, 0xf,
    0xc8, 0x90, 0x7e, 0x40, 0x87, 0xec, 0x3e,

    /* U+043D "н" */
    0xb8, 0x2f, 0x7, 0xff, 0x49, 0xf8, 0x3f, 0xf8,
    0x4f, 0xc1, 0xff, 0xc9,

    /* U+043E "о" */
    0x3, 0xf9, 0x9, 0x83, 0x48, 0x21, 0xf2, 0x41,
    0xa0, 0x61, 0x21, 0xc8, 0x48, 0x72, 0x1e, 0x81,
    0x86, 0x87, 0xc9, 0x1, 0x83, 0x48,

    /* U+043F "п" */
    0xbf, 0xe0, 0xff, 0xe0, 0x3e, 0x83, 0xff, 0xda,

    /* U+0440 "р" */
    0xb6, 0xf4, 0x1a, 0x40, 0xc1, 0xbd, 0x8, 0x48,
    0x10, 0x21, 0xff, 0x21, 0xfc, 0x90, 0x10, 0xad,
    0x10, 0x94, 0x6, 0xd, 0x7a, 0xf, 0xfe, 0x88,

    /* U+0441 "с" */
    0x3, 0x7c, 0x8c, 0x87, 0x40, 0xf9, 0xa, 0xc,
    0x81, 0xf, 0x90, 0xc8, 0x20, 0xe8, 0x1f, 0x43,
    0x6, 0xc0,

    /* U+0442 "т" */
    0xff, 0xc8, 0x79, 0xbc, 0xf, 0x41, 0xff, 0xe4,

    /* U+0443 "у" */
    0x3d, 0x5, 0x78, 0x10, 0x84, 0x88, 0x10, 0x21,
    0xa0, 0x93, 0x10, 0xf6, 0x24, 0x41, 0x90, 0x20,
    0x43, 0x92, 0xf, 0xd0, 0x50, 0x7c, 0x81, 0xf,
    0xe4, 0x3e, 0x51, 0x87, 0x3c, 0x28, 0x3f, 0x30,
    0x70,

    /* U+0444 "ф" */
    0xf, 0xfe, 0x35, 0xc1, 0xff, 0xd5, 0x6d, 0x1e,
    0xc, 0xc8, 0x73, 0xa0, 0x87, 0x47, 0x48, 0x34,
    0x1d, 0x84, 0x87, 0xe4, 0x24, 0x3f, 0x21, 0xe8,
    0x3b, 0xd, 0xe, 0x8e, 0x90, 0x18, 0x3e, 0x90,
    0x9f, 0x23, 0xe4, 0x3f, 0xfb, 0xa0,

    /* U+0445 "х" */
    0x7c, 0x17, 0xa1, 0x6, 0x40, 0x81, 0x81, 0x44,
    0x19, 0x20, 0x21, 0xa0, 0xa0, 0xe8, 0x28, 0x32,
    0x88, 0x10, 0x50, 0xa8, 0x41, 0x2, 0x10, 0x60,

    /* U+0446 "ц" */
    0xf4, 0x7, 0xc1, 0xff, 0xf4, 0x7d, 0x3, 0xf,
    0xfb, 0xfe, 0xf, 0xfe, 0x45, 0x0,

    /* U+0447 "ч" */
    0x3c, 0x81, 0xf0, 0x7f, 0xf2, 0x70, 0x61, 0x23,
    0xe4, 0x29, 0xf, 0xd7, 0xd0, 0x7f, 0xf2, 0x0,

    /* U+0448 "ш" */
    0xb8, 0x17, 0x80, 0xf8, 0x3f, 0xff, 0xe1, 0xcf,
    0x90, 0x7a, 0xf, 0xfe, 0x18,

    /* U+0449 "щ" */
    0xb8, 0x17, 0x81, 0x78, 0x3f, 0xff, 0xe1, 0xff,
    0xc7, 0x7c, 0x83, 0xc8, 0x30, 0xff, 0xe2, 0x5f,
    0xff, 0x7, 0xff, 0x4a, 0x80,

    /* U+044A "ъ" */
    0xfe, 0xf, 0x21, 0xfe, 0xb8, 0x3f, 0xf8, 0x3f,
    0x41, 0xfe, 0x60, 0xf7, 0x91, 0xf, 0xd8, 0x7e,
    0xf4, 0x21, 0xfc, 0xc0,

    /* U+044B "ы" */
    0xb8, 0x3d, 0xe4, 0x3f, 0xf9, 0xcf, 0xc8, 0x7f,
    0xd2, 0x1e, 0x7c, 0xc, 0x3f, 0xf8, 0xcf, 0x81,
    0x87, 0xfa, 0x43, 0x0,

    /* U+044C "ь" */
    0xb8, 0x3f, 0xf9, 0x6f, 0xc8, 0x7d, 0x20, 0x7c,
    0xc, 0x3f, 0xcf, 0x81, 0x87, 0xa4,

    /* U+044D "э" */
    0x2f, 0xa0, 0x90, 0x9c, 0x1f, 0x40, 0x41, 0x4c,
    0x18, 0x16, 0xe, 0xf8, 0x3e, 0x41, 0xbf, 0x40,
    0x50, 0x67, 0x0,

    /* U+044E "ю" */
    0xb8, 0xf, 0xd0, 0x79, 0x82, 0x70, 0xe8, 0x7c,
    0x8, 0xe, 0xc, 0x8, 0x87, 0xf6, 0x19, 0xc3,
    0xb0, 0xf2, 0x40, 0x44, 0x34, 0xf, 0x2, 0xe,
    0xd0, 0x38,

    /* U+044F "я" */
    0x5, 0xfd, 0x1a, 0x28, 0x3d, 0x50, 0x7b, 0xf,
    0x23, 0xe0, 0xd2, 0x4, 0x39, 0x28, 0x1b, 0x2,
    0x19, 0x6, 0x1c,

    /* U+0450 "ѐ" */
    0x3, 0x21, 0xe5, 0x48, 0x7b, 0x20, 0xfb, 0xc1,
    0xcf, 0xd0, 0x4c, 0x13, 0x82, 0x2f, 0x2, 0xb,
    0xa0, 0x48, 0x16, 0x9, 0x7, 0xf4, 0x14, 0x12,
    0x8, 0x7e, 0x80, 0xc8, 0x48,

    /* U+0451 "ё" */
    0x5, 0x8e, 0x84, 0x83, 0xe, 0xf1, 0x68, 0x4f,
    0xd0, 0x4c, 0x13, 0x82, 0x2f, 0x2, 0xb, 0xa0,
    0x48, 0x16, 0x9, 0x7, 0xf4, 0x14, 0x12, 0x8,
    0x7e, 0x80, 0xc8, 0x48,

    /* U+0452 "ђ" */
    0xff, 0x21, 0x21, 0x28, 0x34, 0x8d, 0x10, 0xff,
    0xe2, 0xde, 0x83, 0x94, 0x7, 0xe, 0xb8, 0x3e,
    0x44, 0x3c, 0x87, 0x21, 0xff, 0xd3, 0xb8, 0x39,
    0xf, 0x21, 0xf5, 0xc1, 0xf6, 0x7, 0x0,

    /* U+0453 "ѓ" */
    0xd, 0x40, 0xda, 0x1a, 0x28, 0x15, 0xa0, 0xbf,
    0x90, 0xfe, 0x7e, 0x43, 0xff, 0xbc,

    /* U+0454 "є" */
    0x3, 0x7c, 0x8c, 0x87, 0x43, 0xf2, 0x1a, 0x88,
    0x81, 0x6c, 0x37, 0xd0, 0x82, 0xe, 0x87, 0xe8,
    0x60, 0xd8,

    /* U+0455 "ѕ" */
    0x1f, 0xd0, 0x20, 0xc8, 0x83, 0xf0, 0x83, 0x83,
    0x60, 0x74, 0x2e, 0x4, 0x19, 0xc2, 0x7f, 0x4,
    0xa0, 0x9c,

    /* U+0456 "і" */
    0x13, 0xa2, 0x76, 0xdc, 0x1f, 0xfc, 0xc0,

    /* U+0457 "ї" */
    0x11, 0x28, 0xd3, 0xb, 0x77, 0x4b, 0x83, 0xff,
    0xba,

    /* U+0458 "ј" */
    0x9, 0xb, 0xa0, 0x13, 0x5, 0xa0, 0xf4, 0x1f,
    0xfe, 0x6f, 0x3, 0xa, 0x40,

    /* U+0459 "љ" */
    0x7, 0xfa, 0xf, 0xfe, 0x5f, 0x90, 0xff, 0xe1,
    0xbf, 0x21, 0xff, 0xc1, 0x90, 0xfc, 0xf8, 0x18,
    0x87, 0xff, 0x3, 0x84, 0x33, 0xe0, 0x60, 0x60,
    0xfd, 0x20,

    /* U+045A "њ" */
    0xb8, 0xf, 0x83, 0xff, 0xb0, 0xfa, 0x7, 0xa4,
    0x3f, 0xf8, 0xd, 0x2, 0x7d, 0x3, 0xd0, 0x87,
    0xff, 0x2f, 0xd0, 0x7f, 0xf0, 0x9c,

    /* U+045B "ћ" */
    0x19, 0xf, 0x73, 0x79, 0x9, 0x9, 0x41, 0xa4,
    0x68, 0x87, 0xff, 0x16, 0xf4, 0x1c, 0xa0, 0x38,
    0x75, 0xc1, 0xf2, 0x21, 0xe4, 0x39, 0xf, 0xfe,
    0x90,

    /* U+045C "ќ" */
    0xe, 0xa0, 0x7b, 0x43, 0xd1, 0x40, 0xeb, 0x42,
    0xb8, 0x2f, 0x7, 0xb1, 0xe, 0x41, 0x7, 0x44,
    0x19, 0xc0, 0x87, 0xff, 0x5, 0xc1, 0x87, 0xb0,
    0x41, 0xe8, 0x50,

    /* U+045D "ѝ" */
    0x5, 0x3, 0xed, 0xc3, 0xcc, 0x41, 0xe7, 0x82,
    0xb8, 0xf, 0xa0, 0xe8, 0x3e, 0x83, 0xf2, 0x21,
    0xd1, 0x21, 0xc8, 0x87, 0x24, 0x1f, 0x90, 0xfa,
    0xe,

    /* U+045E "ў" */
    0xa, 0x41, 0x21, 0xcd, 0xe4, 0x3d, 0xd5, 0xa1,
    0xe5, 0x83, 0xbd, 0x5, 0x78, 0x10, 0x84, 0x88,
    0x10, 0x21, 0xa0, 0x93, 0x10, 0xf6, 0x24, 0x41,
    0x90, 0x20, 0x43, 0x92, 0xf, 0xd0, 0x50, 0x7c,
    0x81, 0xf, 0xe4, 0x3e, 0x51, 0x87, 0x3c, 0x28,
    0x3f, 0x30, 0x70,

    /* U+045F "џ" */
    0xb8, 0xf, 0x83, 0xff, 0xda, 0xfa, 0xf, 0xfe,
    0x5, 0xe0, 0x5e, 0xf, 0xfe, 0xc, 0xa0, 0x80,

    /* U+0460 "Ѡ" */
    0xbc, 0x17, 0xc1, 0x5e, 0xf, 0x21, 0xfb, 0xf,
    0xfe, 0x72, 0x28, 0x8, 0x10, 0x21, 0xfb, 0xe,
    0xc3, 0x62, 0x22, 0x1f, 0x93, 0xb, 0x9, 0x10,
    0xc8, 0x14, 0x60, 0x61, 0x9, 0x20, 0x92, 0x4,
    0x14, 0x12, 0x41, 0x21, 0xc8, 0x20, 0x20, 0x80,

    /* U+0461 "ѡ" */
    0xbc, 0x17, 0x82, 0xf2, 0x1f, 0x90, 0xec, 0x3f,
    0xf8, 0xa, 0xf, 0xb1, 0xf, 0x22, 0x4, 0xc3,
    0x26, 0x41, 0x92, 0x4, 0x30, 0xa2, 0x2, 0x12,
    0x25, 0x4, 0x43, 0x40, 0x40, 0x82, 0x0,

    /* U+0462 "Ѣ" */
    0x7, 0x90, 0xff, 0xe2, 0xf8, 0x17, 0x90, 0xff,
    0xe1, 0x78, 0x17, 0x90, 0xfa, 0xf4, 0x87, 0xf3,
    0x21, 0xd7, 0x81, 0x7, 0xe8, 0x3f, 0xd0, 0x7d,
    0x78, 0x10, 0x7e, 0x64,

    /* U+0463 "ѣ" */
    0x5, 0x3, 0xf9, 0x60, 0xf7, 0x81, 0x78, 0x32,
    0x82, 0x50, 0x6a, 0x2, 0xa0, 0xfd, 0x59, 0xf,
    0x96, 0x90, 0xeb, 0xc9, 0x7, 0xff, 0x12, 0x9a,
    0x21, 0xe4, 0xc, 0x0,

    /* U+0464 "Ѥ" */
    0xbc, 0x19, 0xfd, 0x21, 0xea, 0x6, 0x43, 0xd2,
    0x5f, 0x28, 0x39, 0x24, 0x28, 0x39, 0x2, 0x1f,
    0xdc, 0xf, 0xe0, 0xff, 0xe3, 0xf0, 0x3f, 0x83,
    0xc8, 0x10, 0xff, 0xe0, 0xc8, 0x48, 0x7b, 0x5,
    0xf4, 0x1f, 0x68, 0x64,

    /* U+0465 "ѥ" */
    0xf4, 0x15, 0xf8, 0x3d, 0xa2, 0x1f, 0x20, 0xef,
    0x4, 0xf0, 0x3e, 0xf, 0xfe, 0x23, 0xa0, 0xf8,
    0x3d, 0x87, 0x21, 0xc8, 0x3e, 0x83, 0xda, 0x12,
    0x0,

    /* U+0466 "Ѧ" */
    0xd, 0xf2, 0x1f, 0xf4, 0x1f, 0x42, 0x1f, 0xc9,
    0x24, 0x1c, 0x85, 0x8, 0x76, 0xf, 0x1, 0xc,
    0x87, 0xb0, 0x90, 0x60, 0xc4, 0x2c, 0x43, 0xc8,
    0x12, 0xd, 0x10, 0x87, 0xc8, 0x50, 0x87, 0xe8,

    /* U+0467 "ѧ" */
    0xa, 0xf4, 0x1f, 0x20, 0x43, 0xc8, 0xc4, 0x1d,
    0x9a, 0x21, 0xc9, 0x60, 0x42, 0x84, 0x9, 0x4,
    0x90, 0x20, 0xc8, 0x79, 0x22, 0x20, 0xd0, 0x80,

    /* U+0468 "Ѩ" */
    0xbc, 0x19, 0xf8, 0x3f, 0xf8, 0x10, 0x48, 0x7f,
    0xf0, 0x63, 0xf, 0xf2, 0x28, 0x43, 0xfd, 0x10,
    0x88, 0x7b, 0xe0, 0x79, 0x30, 0xff, 0xe1, 0xa1,
    0xef, 0x3, 0x4, 0x88, 0x79, 0xf, 0x64, 0x1e,
    0xc4, 0x32, 0x1f, 0x93, 0xf, 0xa0, 0xc8, 0x10,
    0xe8, 0x40,

    /* U+0469 "ѩ" */
    0xf2, 0x13, 0xf0, 0x7f, 0xb0, 0x90, 0xfe, 0x48,
    0x83, 0xb5, 0x42, 0x1f, 0x9a, 0x23, 0x2, 0xd,
    0x68, 0x81, 0x10, 0xf2, 0x69, 0xa2, 0x1f, 0x21,
    0x64, 0x1a, 0x10, 0xc8, 0x40,

    /* U+046A "Ѫ" */
    0x2f, 0xfe, 0x81, 0x87, 0xf4, 0x5, 0x3, 0xe0,
    0x41, 0xa0, 0x44, 0x28, 0x3b, 0x19, 0x20, 0xf4,
    0x4, 0x10, 0x74, 0x87, 0x30, 0x64, 0x80, 0xc2,
    0x14, 0x4, 0x24, 0x8, 0x11, 0xe, 0x48, 0x34,
    0x1d, 0x85, 0x7, 0xe4, 0x8,

    /* U+046B "ѫ" */
    0x3f, 0xf0, 0x10, 0x28, 0x8, 0x20, 0x78, 0x10,
    0x59, 0x43, 0xd, 0x86, 0xc2, 0x84, 0x9, 0x1,
    0x20, 0x42, 0x22, 0x19, 0x1c, 0xc3, 0x66,

    /* U+046C "Ѭ" */
    0xbc, 0x3f, 0xfe, 0xe, 0x43, 0xf9, 0xf, 0x40,
    0xf9, 0x4, 0x1e, 0x51, 0x8a, 0x30, 0xfd, 0x2,
    0x84, 0x1e, 0xfc, 0x4, 0x3f, 0xf8, 0xd4, 0xe,
    0xf0, 0x14, 0x8, 0x50, 0x7e, 0xb0, 0x28, 0xc3,
    0xa0, 0xfb, 0x10, 0xe4, 0x43, 0x90, 0x21, 0xe8,
    0x3c, 0x98,

    /* U+046D "ѭ" */
    0xf2, 0x7f, 0xe4, 0x32, 0x5, 0x4, 0x86, 0x93,
    0xc0, 0xc2, 0xbc, 0x94, 0x20, 0xff, 0xe0, 0x41,
    0xad, 0x10, 0x26, 0x1c, 0x90, 0x20, 0xf2, 0x21,
    0x91, 0xb, 0x30, 0xd1, 0x0,

    /* U+046E "Ѯ" */
    0xf, 0xfe, 0x7, 0x81, 0x68, 0x51, 0x6c, 0x87,
    0x22, 0x82, 0xe0, 0x9d, 0x9, 0xb8, 0x10, 0x39,
    0x18, 0x3f, 0xa1, 0xa, 0xf8, 0x60, 0xfc, 0xa0,
    0xaf, 0x92, 0xf, 0xa0, 0x21, 0xe8, 0x33, 0xf9,
    0x16, 0x83, 0xa8, 0x60, 0xfc, 0x83, 0x7, 0xe8,
    0xa, 0xe, 0x42, 0xbf, 0xc0,

    /* U+046F "ѯ" */
    0xf, 0xf5, 0xa3, 0xe0, 0x45, 0x4e, 0x8, 0x8,
    0x72, 0x28, 0x70, 0x7a, 0x98, 0x73, 0x4c, 0x83,
    0x28, 0x3c, 0xfa, 0x20, 0xff, 0x9b, 0xd0, 0x4c,
    0x84, 0xe6, 0x5f, 0x41, 0xaf, 0xa0, 0x48, 0x64,
    0x2b, 0xf8, 0x0,

    /* U+0470 "Ѱ" */
    0xb8, 0x1e, 0x5, 0xc1, 0xff, 0xe4, 0xc4, 0x3f,
    0x90, 0x21, 0x94, 0x62, 0x58, 0x38, 0x51, 0x40,
    0xf5, 0x2, 0x7c, 0xf, 0x21, 0xff, 0xce,

    /* U+0471 "ѱ" */
    0xf, 0xfe, 0x25, 0xe0, 0xff, 0xe8, 0xf9, 0xe,
    0xbc, 0x1f, 0xd8, 0x7f, 0xc8, 0x7f, 0xf3, 0x90,
    0x61, 0xf9, 0x42, 0x1d, 0x85, 0x3, 0x41, 0x82,
    0x6, 0x87, 0x32, 0x15, 0xa0, 0xe4, 0x3f, 0xfb,
    0x40,

    /* U+0472 "Ѳ" */
    0x9, 0xbe, 0x83, 0xa8, 0x84, 0xe8, 0x14, 0x3f,
    0x2, 0x6, 0x8, 0x2c, 0x8, 0x90, 0x7d, 0x85,
    0x7f, 0x7, 0xff, 0x1a, 0xfe, 0xc, 0x98, 0x7d,
    0x98, 0xc1, 0x60, 0x45, 0xf, 0xc0, 0x82, 0xa2,
    0x13, 0xa0,

    /* U+0473 "ѳ" */
    0x3, 0xf4, 0x19, 0x82, 0x70, 0xa1, 0xf2, 0x61,
    0x9a, 0x21, 0x21, 0x28, 0x32, 0xb, 0xd0, 0x7a,
    0x4, 0x1a, 0x7, 0x81, 0x1, 0x82, 0x64,

    /* U+0474 "Ѵ" */
    0xf4, 0x1c, 0xf8, 0x44, 0x3a, 0x3, 0x7, 0xa0,
    0x68, 0x50, 0x49, 0x4, 0x88, 0x10, 0x21, 0x41,
    0xb1, 0xf, 0x91, 0x30, 0xe4, 0xc2, 0x43, 0xb1,
    0x84, 0x3c, 0x81, 0x30, 0xf9, 0x9, 0xf, 0xb0,
    0x21, 0xc0,

    /* U+0475 "ѵ" */
    0xf4, 0x1b, 0xd4, 0x10, 0xa0, 0x90, 0x20, 0x4a,
    0x9, 0x88, 0x10, 0x62, 0x42, 0x12, 0x4, 0x10,
    0x64, 0x84, 0x3a, 0xb, 0xf, 0xe4, 0x20,

    /* U+0476 "Ѷ" */
    0x2e, 0x9c, 0x1e, 0x95, 0x28, 0x3e, 0x95, 0x44,
    0x37, 0xa8, 0x8b, 0x78, 0x44, 0x3a, 0x3, 0x7,
    0xa0, 0x68, 0x50, 0x49, 0x4, 0x88, 0x10, 0x21,
    0x41, 0xb1, 0xf, 0x91, 0x30, 0xe4, 0xc2, 0x43,
    0xb1, 0x84, 0x3c, 0x81, 0x30, 0xf9, 0x9, 0xf,
    0xb0, 0x21, 0xc0,

    /* U+0477 "ѷ" */
    0x24, 0xa0, 0x7a, 0x45, 0x6, 0x9a, 0x30, 0x75,
    0x96, 0x17, 0xa0, 0xde, 0xa0, 0x85, 0x4, 0x81,
    0x2, 0x50, 0x4c, 0x40, 0x83, 0x12, 0x10, 0x90,
    0x20, 0x83, 0x24, 0x21, 0xd0, 0x58, 0x7f, 0x21,
    0x0,

    /* U+0478 "Ѹ" */
    0x9, 0xfc, 0x87, 0xff, 0xe, 0x81, 0xac, 0x3f,
    0xf8, 0x2a, 0x1f, 0x40, 0x43, 0xff, 0x81, 0x82,
    0x2, 0x88, 0xf8, 0x2b, 0xc0, 0x44, 0x36, 0x14,
    0x1c, 0x88, 0x6c, 0x3f, 0x20, 0x44, 0x10, 0x7f,
    0xf0, 0x92, 0x30, 0xfb, 0xf, 0xe8, 0x24, 0x82,
    0x44, 0x36, 0x1f, 0x40, 0x42, 0xc1, 0x1, 0x44,
    0x14, 0x22, 0x19, 0x43, 0xe8, 0x8, 0x48, 0x58,
    0x75, 0x3, 0x58, 0x72, 0x4, 0x3c, 0xfe, 0x43,
    0xc8, 0x87, 0xff, 0x19, 0x4, 0x1f, 0xfc, 0x47,
    0x84, 0x3f, 0xf9, 0xc, 0x1c,

    /* U+0479 "ѹ" */
    0x3, 0xf4, 0x83, 0xc8, 0x5e, 0x86, 0x9, 0x91,
    0x30, 0xec, 0x87, 0xc9, 0x18, 0x81, 0x2, 0x16,
    0xc, 0x24, 0x9, 0x8, 0x64, 0x3e, 0x4c, 0x28,
    0x32, 0x1f, 0x42, 0x83, 0xec, 0x18, 0x72, 0x44,
    0x14, 0x3e, 0x48, 0x2c, 0x24, 0x26, 0x42, 0x90,
    0x90, 0x21, 0xcd, 0xf2, 0x1f, 0x61, 0xff, 0xc3,
    0x80, 0x87, 0xff, 0x7, 0xc9, 0x7, 0xff, 0x9,
    0x4, 0x86,

    /* U+047A "Ѻ" */
    0xf, 0x48, 0x7f, 0x5b, 0x44, 0x39, 0xd0, 0x9a,
    0x4, 0xc0, 0x85, 0xc, 0xc, 0x1b, 0xd0, 0x8,
    0x11, 0xe, 0x80, 0x85, 0x87, 0x21, 0xff, 0xc7,
    0xc3, 0x90, 0xf2, 0x1d, 0x81, 0x20, 0x4c, 0xb0,
    0x81, 0x43, 0x34, 0x4, 0x15, 0x3, 0x9c, 0x39,
    0xe1, 0xe0, 0x80,

    /* U+047B "ѻ" */
    0xe, 0x43, 0xf3, 0xda, 0x1d, 0xc1, 0x58, 0x50,
    0x12, 0x4, 0x4, 0xa6, 0xc2, 0x19, 0xf, 0xf2,
    0x1f, 0xec, 0x4c, 0x34, 0x3d, 0xa4, 0x6, 0xe,
    0x90, 0x9e, 0x2d, 0x0,

    /* U+047C "Ѽ" */
    0xf, 0xa8, 0x1f, 0xfc, 0x2d, 0x5e, 0x83, 0xff,
    0x81, 0x44, 0x43, 0xfe, 0xf4, 0x78, 0x3f, 0xf8,
    0x10, 0x7f, 0xf1, 0x15, 0x7, 0xfa, 0xf8, 0x8b,
    0xe4, 0x36, 0x87, 0x90, 0xa4, 0x8, 0x2e, 0x41,
    0x78, 0x10, 0x21, 0x42, 0x12, 0x8, 0x3d, 0x87,
    0xf2, 0x4, 0x3f, 0xf9, 0x8f, 0x83, 0xfd, 0x85,
    0x87, 0xf9, 0x10, 0xfe, 0x80, 0x98, 0x20, 0x20,
    0x45, 0x8, 0x14, 0x3e, 0xa, 0xe0, 0x41, 0x50,
    0x27, 0x82, 0x70, 0x0,

    /* U+047D "ѽ" */
    0xe, 0xf9, 0xf, 0xf4, 0x25, 0xa1, 0xfb, 0x92,
    0x88, 0x7e, 0x58, 0x8, 0x7f, 0xcb, 0x7, 0xff,
    0x3, 0x83, 0xf9, 0xf9, 0x1f, 0x90, 0x98, 0x39,
    0xa, 0x41, 0xf, 0x90, 0x79, 0x20, 0xd8, 0x7d,
    0x87, 0xf5, 0xc0, 0x43, 0xff, 0x84, 0x87, 0xa0,
    0x22, 0xc, 0x32, 0xf, 0x5, 0xe4, 0x81, 0x40,
    0x9e, 0x9, 0x40,

    /* U+047E "Ѿ" */
    0xf, 0xfe, 0x3d, 0xfe, 0xf, 0xdb, 0x93, 0x7,
    0xe6, 0x36, 0x43, 0x5e, 0xb, 0xe0, 0xaf, 0x7,
    0x90, 0xfd, 0x87, 0xff, 0x39, 0x14, 0x4, 0x8,
    0x10, 0xfd, 0x87, 0x61, 0xb1, 0x11, 0xf, 0xc9,
    0x85, 0x84, 0x88, 0x64, 0xa, 0x30, 0x30, 0x84,
    0x90, 0x49, 0x2, 0xa, 0x9, 0x20, 0x90, 0xe4,
    0x10, 0x10, 0x40,

    /* U+047F "ѿ" */
    0x9, 0xff, 0x7, 0xc9, 0x34, 0x43, 0xf6, 0xca,
    0x83, 0x5e, 0xb, 0xc1, 0x79, 0xf, 0xc8, 0x76,
    0x1f, 0xfc, 0x5, 0x7, 0xd8, 0x87, 0x91, 0x2,
    0x61, 0x93, 0x20, 0xc9, 0x2, 0x18, 0x51, 0x1,
    0x9, 0x12, 0x82, 0x21, 0xa0, 0x20, 0x41, 0x0,

    /* U+0480 "Ҁ" */
    0xd, 0x7e, 0x42, 0x74, 0x34, 0x14, 0xb, 0xd4,
    0x4, 0xd, 0x2, 0x80, 0x88, 0x7f, 0xb0, 0xff,
    0xe4, 0xe1, 0xf9, 0x10, 0xfd, 0x82, 0xf, 0x98,
    0x7f, 0x6, 0x64, 0x3f, 0x9b, 0x83, 0xff, 0xb2,

    /* U+0481 "ҁ" */
    0x3, 0xf9, 0x18, 0x36, 0x43, 0xf4, 0x16, 0x19,
    0x2, 0x19, 0x2, 0x1f, 0x61, 0xc8, 0xf6, 0xa,
    0x1, 0xc, 0xf0, 0x7f, 0xf3, 0xc0,

    /* U+0482 "҂" */
    0xf, 0xfe, 0x1b, 0x86, 0x92, 0x81, 0xbb, 0x10,
    0xce, 0x8, 0x3a, 0x32, 0x38, 0x72, 0x86, 0x61,
    0xf6, 0xd, 0xd, 0x3c, 0x1e, 0x85, 0x6, 0xc3,
    0xc0,

    /* U+0483 "҃" */
    0xe, 0x95, 0xf9, 0xc1, 0xfa,

    /* U+0484 "҄" */
    0x9, 0xa0, 0x2e, 0x54, 0xa2, 0xd4,

    /* U+0485 "҅" */
    0x9, 0xf0, 0x25, 0x40,

    /* U+0486 "҆" */
    0x9, 0xf2, 0x85, 0x40,

    /* U+0487 "҇" */
    0x5, 0x10, 0xda, 0xae, 0x9, 0xd1, 0x0,

    /* U+0488 "҈" */
    0xf, 0xcf, 0x83, 0xff, 0x8b, 0x7a, 0xf, 0xfe,
    0x26, 0x8, 0x3f, 0xeb, 0x83, 0xf7, 0xa0, 0xe7,
    0xe4, 0x3d, 0x4c, 0x3c, 0xa1, 0x41, 0xe9, 0x20,
    0xff, 0xf0, 0x3e, 0xf, 0xf9, 0xf2, 0xf, 0xa0,
    0xff, 0x7e, 0x4, 0x8, 0x3f, 0xd0, 0x20, 0xff,
    0xe6, 0x5c, 0x1f, 0xbd, 0x7, 0x3f, 0x21, 0xea,
    0x61, 0xe5, 0xa, 0xf, 0x49, 0x7, 0xfc, 0xf8,
    0x3f, 0xf8, 0xb7, 0x40, 0xff, 0xe2, 0x63, 0x7,
    0xe0,

    /* U+0489 "҉" */
    0xf, 0xec, 0x3f, 0xf8, 0x8a, 0xf, 0xfa, 0xd,
    0x7, 0xff, 0x1, 0x41, 0x50, 0x26, 0x81, 0xd4,
    0x9, 0xa, 0x84, 0x1c, 0xa0, 0xfa, 0xe0, 0xfa,
    0xf, 0xfe, 0x9d, 0x41, 0xff, 0x3a, 0x5a, 0x83,
    0xfc, 0xab, 0x1d, 0xf, 0xfa, 0xf0, 0x7f, 0xf7,
    0x34, 0x3e, 0xc3, 0xce, 0xa0, 0x90, 0x98, 0x3d,
    0xc1, 0x50, 0x29, 0xe, 0x43, 0xd0, 0x6c, 0x3f,
    0xe5, 0x7, 0xe0,

    /* U+048A "Ҋ" */
    0x4, 0x84, 0xc1, 0xf3, 0x23, 0x21, 0xf4, 0x5c,
    0x41, 0xf3, 0xfc, 0x87, 0x5c, 0x19, 0xf4, 0x1f,
    0xe8, 0x3f, 0xf8, 0x10, 0x7f, 0xf0, 0x51, 0xf,
    0xf4, 0x38, 0x7f, 0x28, 0x83, 0xfd, 0x8, 0x7f,
    0x90, 0x41, 0xfe, 0x88, 0x3f, 0xc8, 0x10, 0xff,
    0xe0, 0x61, 0xcf, 0x83, 0x21, 0xfe, 0xbd, 0x6,
    0x78, 0x43, 0xfe, 0x8c, 0x3f, 0xc8, 0x10, 0xff,
    0xa8, 0x0,

    /* U+048B "ҋ" */
    0x18, 0x26, 0xe, 0xdf, 0xa4, 0x3a, 0xea, 0xf0,
    0x7c, 0xb0, 0x7b, 0xd0, 0x5f, 0x21, 0xf4, 0x1f,
    0xf2, 0x1f, 0xec, 0x43, 0xf4, 0x8, 0x3f, 0x24,
    0x1f, 0x91, 0x41, 0xfe, 0x83, 0x5a, 0x14, 0x1f,
    0xbe, 0x42, 0xf0, 0x10, 0xfc, 0x87, 0xfd, 0x88,

    /* U+048C "Ҍ" */
    0x2f, 0x7, 0xff, 0x12, 0x41, 0xe0, 0xff, 0xe1,
    0x48, 0x3c, 0x1f, 0xbe, 0x43, 0xfa, 0xc3, 0xbd,
    0x1, 0xf, 0x21, 0xfd, 0x7, 0xde, 0x40, 0x87,
    0xce, 0x0,

    /* U+048D "ҍ" */
    0x19, 0xf, 0xa7, 0xf, 0x40, 0x68, 0x84, 0x84,
    0xac, 0x2c, 0xf, 0xa0, 0xff, 0xe7, 0x35, 0x21,
    0xe5, 0xa8, 0x19, 0xf4, 0x21, 0xf2, 0x1e, 0x69,
    0x87, 0xca, 0x1c,

    /* U+048E "Ҏ" */
    0xbf, 0xa0, 0xfc, 0xc1, 0xbc, 0x88, 0x7a, 0x2,
    0x1a, 0x43, 0xe6, 0x2, 0x16, 0x12, 0x1f, 0xa0,
    0xdf, 0x7, 0xf6, 0x1f, 0xfc, 0x80,

    /* U+048F "ҏ" */
    0xf3, 0x7a, 0xd, 0x20, 0x60, 0xde, 0x84, 0x24,
    0x8, 0x10, 0xff, 0xe0, 0xf0, 0x72, 0x84, 0x8,
    0x50, 0x48, 0x4a, 0xf, 0xd7, 0x9c, 0x3e, 0x90,
    0xff, 0xe3, 0x80,

    /* U+0490 "Ґ" */
    0xe, 0x7c, 0x1f, 0xaf, 0xd0, 0x7f, 0xf0, 0x7f,
    0x83, 0xff, 0xf8,

    /* U+0491 "ґ" */
    0xd, 0x70, 0x7f, 0xf0, 0xbf, 0x21, 0xfb, 0x3,
    0xf2, 0x1f, 0xfd, 0xe0,

    /* U+0492 "Ғ" */
    0x2f, 0xf4, 0x1f, 0xfc, 0x1f, 0xd0, 0x7f, 0xf1,
    0xa4, 0x1f, 0x7, 0xfd, 0x20, 0xf8, 0x3f, 0xfb,
    0x40,

    /* U+0493 "ғ" */
    0x3f, 0xc8, 0x7f, 0xd7, 0xc8, 0x7e, 0xc1, 0x78,
    0x3f, 0xd8, 0x2f, 0x7, 0xff, 0x18,

    /* U+0494 "Ҕ" */
    0xbf, 0xd0, 0x7f, 0xf0, 0xff, 0x41, 0xff, 0xd7,
    0xfd, 0x7, 0xf3, 0x86, 0xf9, 0x2, 0x1e, 0x81,
    0x7, 0xc8, 0x7f, 0x60, 0xbc, 0x1a, 0xe, 0x41,
    0x2, 0xa, 0xf2, 0x4, 0x24, 0x27, 0x0,

    /* U+0495 "ҕ" */
    0xff, 0x41, 0xff, 0xc1, 0x7e, 0x83, 0xff, 0x82,
    0xfa, 0xf, 0xce, 0x19, 0xe0, 0x41, 0xcc, 0x21,
    0xfe, 0xf4, 0x1f, 0x90, 0x42, 0x15, 0xe0, 0x41,
    0x21, 0x40,

    /* U+0496 "Җ" */
    0x7c, 0x15, 0xc1, 0x7a, 0x2, 0x8, 0x3e, 0x81,
    0x5, 0x8a, 0xf, 0x26, 0x1d, 0x10, 0x76, 0x21,
    0xe4, 0x10, 0x48, 0x20, 0xfb, 0x14, 0x31, 0x7,
    0xe4, 0x8, 0x87, 0xfd, 0x10, 0x51, 0x7, 0xd0,
    0x10, 0x94, 0x61, 0xca, 0x30, 0xe8, 0x8, 0x68,
    0x43, 0xe8, 0xbc, 0x40, 0x83, 0xe4, 0x3a, 0xf0,
    0x57, 0x5, 0xe0, 0xff, 0xf3, 0xa8,

    /* U+0497 "җ" */
    0x1f, 0x5, 0xe0, 0xbc, 0x81, 0x46, 0x1e, 0xc5,
    0x5, 0x2, 0xd, 0x2, 0xe, 0xc5, 0x1, 0x46,
    0x1f, 0xd0, 0x20, 0xfe, 0x41, 0x82, 0x4, 0x1e,
    0x88, 0x26, 0x14, 0x1b, 0x14, 0x19, 0x45, 0xe2,
    0x4, 0x1e, 0x83, 0xaf, 0x5, 0xe0, 0xb8, 0x3f,
    0xfc, 0x6f, 0x80,

    /* U+0498 "Ҙ" */
    0x1f, 0xd0, 0x50, 0x67, 0x5, 0x3c, 0x81, 0x14,
    0x8, 0x3f, 0x40, 0x41, 0xf2, 0xb0, 0xf9, 0x41,
    0x7d, 0x12, 0x1c, 0x83, 0x10, 0x90, 0x6d, 0xf4,
    0x5, 0x83, 0x38, 0x2f, 0x2a, 0xf, 0x6a, 0xe,
    0x70, 0xfb, 0x58, 0x0,

    /* U+0499 "ҙ" */
    0x2f, 0xa0, 0x90, 0x9c, 0x17, 0xc0, 0x44, 0x8,
    0x10, 0x7a, 0x20, 0x94, 0x8, 0x2a, 0x60, 0x9f,
    0xc0, 0xd0, 0xe9, 0x3d, 0x1a, 0x19, 0x20, 0xe8,
    0x3c, 0xa2, 0x0,

    /* U+049A "Қ" */
    0xbc, 0x13, 0xe0, 0xfd, 0x10, 0x7d, 0x8a, 0xf,
    0x20, 0x83, 0xe8, 0x83, 0xec, 0x50, 0x7f, 0x21,
    0xfb, 0x4, 0x1f, 0xa1, 0x41, 0xf2, 0x88, 0x3f,
    0x40, 0xf8, 0x3d, 0x6, 0xbc, 0x13, 0xa1, 0xff,
    0xd4, 0xd8,

    /* U+049B "қ" */
    0xf4, 0x7, 0xc1, 0xe6, 0x20, 0xf4, 0x28, 0x3b,
    0x18, 0x39, 0x6, 0x1e, 0x51, 0x7, 0xd0, 0x30,
    0xfb, 0x7, 0x90, 0xe8, 0x37, 0xa0, 0x38, 0x7f,
    0xf4, 0xbc, 0x80,

    /* U+049C "Ҝ" */
    0xbc, 0x13, 0xe0, 0xfa, 0x10, 0xcf, 0x2, 0xf,
    0x24, 0x1f, 0x94, 0x1f, 0xa0, 0xf4, 0x21, 0xf2,
    0x21, 0xf6, 0xc, 0x3f, 0xd8, 0x7d, 0x2, 0xc,
    0xea, 0x14,

    /* U+049D "ҝ" */
    0xf4, 0x7, 0xc1, 0xaa, 0x20, 0xe4, 0x50, 0x7d,
    0x6, 0x51, 0x7, 0x20, 0x83, 0xc8, 0x30, 0xf2,
    0x8, 0x35, 0x42, 0x80,

    /* U+049E "Ҟ" */
    0x2f, 0x4, 0xf9, 0xf, 0xd0, 0xa1, 0x40, 0xc4,
    0x10, 0x7c, 0xc4, 0x12, 0x81, 0xe0, 0x21, 0xf6,
    0x98, 0x7f, 0xc8, 0x7e, 0xd2, 0xf, 0xe8, 0x10,
    0x7f, 0x42, 0x83, 0xf2, 0x8, 0x3f, 0xb0, 0x40,

    /* U+049F "ҟ" */
    0x2, 0x1f, 0xaa, 0xf, 0x68, 0xf8, 0x32, 0x12,
    0x83, 0x48, 0xd1, 0xf2, 0x1e, 0x89, 0xe, 0xc5,
    0x7, 0x40, 0x83, 0x94, 0x41, 0xe6, 0x20, 0xf9,
    0x46, 0x1f, 0x40, 0xc3, 0xec, 0x10,

    /* U+04A0 "Ҡ" */
    0xfe, 0x9, 0xf2, 0x1f, 0xa1, 0x5e, 0x83, 0x40,
    0x83, 0xe5, 0x18, 0x7e, 0x88, 0x3f, 0x62, 0x83,
    0xf2, 0x21, 0xfd, 0x2, 0xf, 0xe8, 0x50, 0x7e,
    0x51, 0x7, 0xf4, 0xc, 0x3f, 0xb0, 0x40,

    /* U+04A1 "ҡ" */
    0xfe, 0xb, 0xc8, 0x7e, 0xc5, 0x1f, 0x5, 0x2,
    0xf, 0x94, 0x61, 0xfa, 0x10, 0xfe, 0xc5, 0x7,
    0xf4, 0x41, 0xfc, 0xa3, 0xf, 0xe8, 0x10,

    /* U+04A2 "Ң" */
    0xbc, 0x1a, 0xf0, 0x7f, 0xfb, 0xbf, 0x21, 0xff,
    0xc9, 0xfc, 0x87, 0xff, 0x77, 0xc1, 0xff, 0xc2,
    0xbc, 0x1a, 0xf0, 0x7f, 0xf6, 0xe8, 0x0,

    /* U+04A3 "ң" */
    0xf4, 0x17, 0x90, 0xff, 0xe7, 0x3f, 0x7, 0xff,
    0x19, 0xf8, 0x3f, 0xf9, 0x96, 0x87, 0xfb, 0xe8,
    0x2f, 0x21, 0xff, 0xcc,

    /* U+04A4 "Ҥ" */
    0xbc, 0x1a, 0xfc, 0x87, 0xff, 0x2f, 0xc8, 0x7f,
    0xf4, 0x7f, 0x21, 0xff, 0xc9, 0xfc, 0x87, 0xff,
    0xb4,

    /* U+04A5 "ҥ" */
    0xf4, 0x17, 0xf0, 0x7f, 0xf2, 0x6f, 0x4, 0xfc,
    0x1f, 0xfc, 0x87, 0xe0, 0xff, 0xef, 0x0,

    /* U+04A6 "Ҧ" */
    0xbf, 0xf0, 0x7f, 0xf4, 0x3e, 0x83, 0xff, 0xd2,
    0x87, 0xff, 0x12, 0xfa, 0xf, 0xfe, 0x23, 0x87,
    0xfd, 0xf4, 0x8, 0x3f, 0xf8, 0x2a, 0x10, 0xff,
    0xe1, 0x41, 0xff, 0xc8, 0xbc, 0x13, 0xe0, 0xd0,
    0x7f, 0xf0, 0xd4, 0x21, 0xfe, 0xbd, 0x2, 0xf,
    0xf6, 0x13, 0x80,

    /* U+04A7 "ҧ" */
    0xff, 0xc1, 0xff, 0xc8, 0x7d, 0x7, 0xff, 0x43,
    0xc8, 0x7f, 0xf0, 0x28, 0x1f, 0xdc, 0x28, 0x3f,
    0x90, 0x61, 0xfe, 0x41, 0xe8, 0xf, 0x80, 0x87,
    0xfc, 0x83, 0xf, 0xbd, 0x1, 0xf, 0xf3, 0x80,

    /* U+04A8 "Ҩ" */
    0x9, 0xfa, 0xf, 0x50, 0x3f, 0x94, 0x3e, 0x83,
    0xb0, 0x43, 0xf2, 0x4, 0x41, 0x5, 0x6, 0xc4,
    0x1a, 0x21, 0xd8, 0x85, 0x85, 0x98, 0x87, 0x22,
    0x21, 0x26, 0x60, 0xc4, 0xc0, 0x8a, 0x6, 0x85,
    0x5, 0x40, 0xf5, 0x84, 0xff, 0x22,

    /* U+04A9 "ҩ" */
    0x3, 0xf2, 0x19, 0x82, 0x43, 0x43, 0xde, 0x83,
    0x44, 0x5, 0x82, 0x47, 0x34, 0x3c, 0x87, 0x48,
    0xc6, 0x43, 0x86, 0x46, 0xf, 0x60, 0x7f, 0x4a,

    /* U+04AA "Ҫ" */
    0xd, 0x7d, 0x20, 0x74, 0x24, 0x28, 0x1f, 0x28,
    0x81, 0x85, 0x1, 0x10, 0xfe, 0xc3, 0xff, 0x8f,
    0x87, 0xf2, 0x1f, 0x40, 0x82, 0x40, 0x81, 0xfa,
    0x41, 0xa1, 0x94, 0x15, 0x83, 0x83, 0xd8, 0x87,
    0x98, 0x3f, 0x68, 0x80,

    /* U+04AB "ҫ" */
    0xa, 0xf9, 0x1d, 0xe, 0x81, 0xf2, 0x14, 0x1f,
    0x21, 0xf2, 0x1f, 0x41, 0x22, 0xf, 0xc4, 0x86,
    0xc1, 0x63, 0xa1, 0xa5, 0x6, 0x70, 0xf6, 0xb0,

    /* U+04AC "Ҭ" */
    0xbf, 0xf0, 0x7f, 0x5e, 0x41, 0xf0, 0x7f, 0xfe,
    0x7c, 0x1f, 0xfc, 0x1b, 0xc1, 0xff, 0xcf, 0xa0,

    /* U+04AD "ҭ" */
    0xbf, 0xe4, 0x3f, 0xaf, 0x1, 0xf2, 0x1f, 0xfd,
    0xd7, 0x83, 0xf2, 0x1b, 0xd0, 0x7f, 0xf2, 0x40,

    /* U+04AE "Ү" */
    0xbc, 0x1b, 0xe2, 0x2, 0x4, 0x18, 0x12, 0x4,
    0x21, 0x40, 0x50, 0x20, 0xc9, 0x41, 0xe, 0x83,
    0x41, 0xe4, 0x8, 0x7d, 0x83, 0xf, 0x90, 0x21,
    0xff, 0xd9,

    /* U+04AF "ү" */
    0xf8, 0x2b, 0xc4, 0x1c, 0x88, 0x81, 0x10, 0x40,
    0x48, 0xc3, 0xb0, 0x92, 0x9, 0x4, 0x4, 0x32,
    0x22, 0x1d, 0x5, 0x87, 0xf2, 0x1e, 0x43, 0xff,
    0xb0,

    /* U+04B0 "Ұ" */
    0xf8, 0x37, 0xc4, 0x4, 0x8, 0x21, 0x4, 0x8,
    0x8, 0x20, 0xf4, 0x12, 0xa, 0x1, 0xd, 0xa,
    0x20, 0xe4, 0x32, 0x1e, 0x81, 0x7, 0x5c, 0xb,
    0x83, 0xff, 0x85, 0x78, 0x1e, 0x83, 0xff, 0x82,

    /* U+04B1 "ұ" */
    0xf8, 0x2b, 0xc4, 0x1c, 0x88, 0x81, 0x10, 0x60,
    0x48, 0xc0, 0x83, 0x9, 0x10, 0x90, 0x40, 0x83,
    0x22, 0x1f, 0x41, 0x41, 0xfc, 0x86, 0xb0, 0xbc,
    0x12, 0x1f, 0xde, 0x41, 0xe0, 0xff, 0xe0, 0x0,

    /* U+04B2 "Ҳ" */
    0x7c, 0x19, 0xf0, 0x10, 0x41, 0x42, 0x14, 0x28,
    0x81, 0x4, 0xa2, 0x12, 0xe, 0x81, 0x8a, 0xf,
    0x41, 0x41, 0xf6, 0x1f, 0xf2, 0x14, 0x1e, 0xc7,
    0x14, 0x19, 0x4, 0x24, 0x1a, 0x20, 0x40, 0xf5,
    0x0, 0x85, 0x6, 0xbc, 0x19, 0xc3, 0xff, 0xb1,
    0x4c,

    /* U+04B3 "ҳ" */
    0x7c, 0x83, 0xe1, 0x44, 0x20, 0xc1, 0x2, 0x82,
    0x1a, 0x10, 0x41, 0x90, 0xa0, 0xe8, 0x28, 0x32,
    0x88, 0x10, 0x50, 0x18, 0x7d, 0x3, 0x14, 0x15,
    0xe0, 0xac, 0x3f, 0xfa, 0x5e,

    /* U+04B4 "Ҵ" */
    0xbf, 0xf1, 0xe0, 0xff, 0xe3, 0x5e, 0x3, 0xf0,
    0x7f, 0xff, 0xc3, 0xff, 0xaa, 0x87, 0xcf, 0xe0,
    0x5c, 0x1f, 0xfc, 0x6f, 0xfe, 0xf, 0xff, 0xd,
    0x40,

    /* U+04B5 "ҵ" */
    0xbf, 0xc7, 0x90, 0xff, 0xe1, 0xda, 0x3e, 0xf,
    0xff, 0x93, 0xf0, 0x2d, 0xf, 0xfe, 0x1d, 0xff,
    0x21, 0xff, 0xda, 0xb4,

    /* U+04B6 "Ҷ" */
    0x3c, 0x86, 0xf0, 0x7f, 0xfb, 0xb0, 0xa0, 0xf2,
    0x3f, 0x21, 0xe9, 0x9, 0x41, 0xf5, 0xf5, 0x3,
    0xff, 0xa1, 0xe8, 0x3f, 0xf9, 0x3e, 0xf, 0xfe,
    0xdd, 0x30,

    /* U+04B7 "ҷ" */
    0x3c, 0x85, 0xe4, 0x3f, 0xfa, 0x88, 0x79, 0x2f,
    0x41, 0xe9, 0x3, 0x7, 0xd7, 0xa4, 0x3f, 0xf8,
    0x56, 0x87, 0xff, 0x1f, 0xc1, 0xff, 0xcf,

    /* U+04B8 "Ҹ" */
    0xf2, 0x1b, 0xc8, 0x7f, 0xf5, 0xb4, 0x3d, 0x4,
    0x84, 0x83, 0x28, 0x14, 0x86, 0x43, 0x5e, 0x28,
    0x1f, 0xfc, 0xfd, 0xc,

    /* U+04B9 "ҹ" */
    0x3c, 0x85, 0xe4, 0x3f, 0xf8, 0x68, 0x7e, 0xb4,
    0x3d, 0x2a, 0xd, 0xa1, 0x41, 0xd6, 0xb0, 0x7f,
    0xf1, 0x68, 0x18,

    /* U+04BA "Һ" */
    0xbc, 0x1f, 0xfd, 0xc7, 0xf2, 0x1a, 0xd, 0x21,
    0x5e, 0x81, 0x84, 0x81, 0x41, 0xff, 0x21, 0xff,
    0xd2,

    /* U+04BB "һ" */
    0x50, 0x7d, 0x50, 0x7f, 0xf3, 0xef, 0x41, 0x94,
    0x7, 0xd, 0x68, 0x72, 0x88, 0x8, 0x7f, 0xf8,
    0x40,

    /* U+04BC "Ҽ" */
    0xf, 0x5f, 0x41, 0xf3, 0xa1, 0x3a, 0x1d, 0x3,
    0xe4, 0x8f, 0x10, 0x30, 0xa0, 0x21, 0x22, 0x1c,
    0x98, 0x30, 0x3f, 0xc8, 0xe1, 0xff, 0xc2, 0xf0,
    0x1f, 0xfc, 0x12, 0x21, 0xff, 0x40, 0xd0, 0xad,
    0xd, 0x2, 0xf9, 0xf, 0x3a, 0x19, 0x90,

    /* U+04BD "ҽ" */
    0xe, 0x7e, 0x83, 0xd4, 0x9, 0xc1, 0xc2, 0x5e,
    0x2, 0x7, 0x7, 0x40, 0x64, 0x19, 0x60, 0xcf,
    0x3, 0xfa, 0x9, 0x4, 0x12, 0x1c, 0x8f, 0xd0,
    0x75, 0x3, 0x20,

    /* U+04BE "Ҿ" */
    0xf, 0x5f, 0x41, 0xf3, 0xa1, 0x3a, 0x1d, 0x3,
    0xe4, 0x8f, 0x10, 0x30, 0xa0, 0x21, 0x22, 0x1c,
    0x98, 0x30, 0x3f, 0xc8, 0xe1, 0xff, 0xc2, 0xf0,
    0x1f, 0xfc, 0x12, 0x21, 0xff, 0x40, 0xd7, 0x5a,
    0x1a, 0x5, 0x64, 0x43, 0x3c, 0x13, 0x61, 0xf2,
    0x81, 0x21, 0xff, 0xd2,

    /* U+04BF "ҿ" */
    0xe, 0x7e, 0x83, 0xd4, 0x9, 0xc1, 0xc2, 0x5e,
    0x2, 0x7, 0x7, 0x40, 0x64, 0x19, 0x60, 0xcf,
    0x3, 0xfa, 0x9, 0x4, 0x1f, 0xc8, 0xfe, 0xe,
    0xa0, 0x64, 0x3c, 0xc0, 0xe0, 0xff, 0xe6, 0x80,

    /* U+04C0 "Ӏ" */
    0x7f, 0x41, 0xdb, 0x82, 0x43, 0xff, 0xbc, 0xe0,
    0x90, 0xec,

    /* U+04C1 "Ӂ" */
    0xe, 0x50, 0x48, 0x7f, 0xa8, 0x9c, 0x1f, 0xec,
    0xb2, 0xf, 0xfb, 0xf2, 0x1e, 0xf2, 0x7, 0xc1,
    0x3e, 0x2, 0x41, 0xfa, 0x10, 0x40, 0x43, 0xd0,
    0x20, 0xa2, 0xf, 0x24, 0x19, 0x4, 0x1a, 0x14,
    0x1d, 0x8c, 0xd, 0x20, 0xf2, 0x1f, 0x90, 0xf4,
    0x30, 0x34, 0x83, 0xa0, 0x41, 0xa0, 0x41, 0x28,
    0x83, 0xd0, 0x85, 0x1, 0xf, 0x20, 0xc8, 0x18,
    0x7e, 0x81, 0x0,

    /* U+04C2 "ӂ" */
    0xd, 0x20, 0x90, 0xfe, 0xbc, 0xe1, 0xfa, 0xe9,
    0xc1, 0xfe, 0x50, 0x7d, 0xe0, 0xbc, 0x7, 0xc0,
    0x4c, 0x3d, 0x10, 0x20, 0x41, 0xa1, 0x41, 0x63,
    0x83, 0x48, 0x3f, 0xf8, 0xd0, 0x30, 0x60, 0x82,
    0x51, 0x86, 0x84, 0x28, 0x43, 0x90, 0x64, 0x8,
    0x3d, 0x81,

    /* U+04C3 "Ӄ" */
    0xbc, 0x13, 0xe4, 0x3e, 0x85, 0x7, 0xb1, 0x83,
    0xd0, 0x20, 0xf2, 0x8c, 0x3e, 0x84, 0x3f, 0xcf,
    0x90, 0xe5, 0x81, 0x21, 0xaa, 0xc1, 0x7, 0xec,
    0x3f, 0xf8, 0x28, 0x7f, 0xd7, 0x83, 0x20, 0x43,
    0x23, 0x7, 0x9b, 0x81, 0x87, 0xe7, 0x0,

    /* U+04C4 "ӄ" */
    0xf4, 0x7, 0xc8, 0x66, 0x24, 0x34, 0x28, 0x36,
    0x30, 0x64, 0x24, 0x3e, 0x6c, 0x27, 0xd0, 0x10,
    0xe5, 0x18, 0x7e, 0x7d, 0x7, 0x21, 0xca, 0x30,
    0xbd, 0x1, 0xf, 0x38,

    /* U+04C5 "Ӆ" */
    0xb, 0xfe, 0x43, 0xff, 0x95, 0xf0, 0x7f, 0xf2,
    0x90, 0xff, 0xe7, 0xe2, 0x1f, 0xf2, 0x1f, 0xfc,
    0x3c, 0x3f, 0xc8, 0x10, 0xfe, 0xe0, 0xfd, 0x78,
    0x36, 0x1f, 0x93, 0xe0, 0xef, 0x26, 0x1f, 0xf2,
    0x21, 0xfe, 0x83, 0xff, 0x83, 0xd0, 0x0,

    /* U+04C6 "ӆ" */
    0x5, 0xfe, 0xf, 0xfe, 0x3d, 0xc1, 0xf2, 0x1f,
    0xfc, 0x14, 0x3f, 0xf9, 0x8, 0x7f, 0xb8, 0x83,
    0xbc, 0x12, 0x83, 0xf7, 0xa0, 0x9f, 0x7, 0xfc,
    0x88, 0x7f, 0x46, 0x1f, 0xde, 0x40,

    /* U+04C7 "Ӈ" */
    0xbc, 0x1a, 0xf0, 0x7f, 0xf7, 0xff, 0x21, 0xff,
    0xc3, 0xfc, 0x87, 0xff, 0x7a, 0xf0, 0x64, 0x42,
    0x41, 0x3, 0xa, 0xf2, 0x28, 0x24, 0x26, 0x0,

    /* U+04C8 "ӈ" */
    0xf4, 0x17, 0x90, 0xff, 0xe4, 0x3f, 0x7, 0xff,
    0x9, 0xf8, 0x3f, 0xfa, 0x5e, 0x83, 0xfe, 0x80,
    0x82, 0xf2, 0x21, 0x61, 0x50,

    /* U+04C9 "Ӊ" */
    0xbc, 0x1a, 0xf0, 0x7f, 0xfb, 0xbf, 0x21, 0xff,
    0xc9, 0xfc, 0x87, 0xff, 0x77, 0xc8, 0x7f, 0xf0,
    0x1b, 0xc1, 0xae, 0xf, 0xfe, 0x4, 0x21, 0xfc,
    0x83, 0xf, 0xf5, 0x10,

    /* U+04CA "ӊ" */
    0xf4, 0x17, 0x90, 0xff, 0xe7, 0x3f, 0x7, 0xff,
    0x19, 0xf8, 0x3f, 0xf9, 0x97, 0x7, 0xfb, 0xe8,
    0x2f, 0x1, 0xf, 0xfe, 0x34, 0x20,

    /* U+04CB "Ӌ" */
    0xf2, 0x1b, 0xc8, 0x7f, 0xf7, 0xa0, 0x90, 0x90,
    0x7d, 0x5, 0x21, 0x90, 0xd7, 0xe8, 0x3f, 0xf8,
    0xde, 0xf, 0xfe, 0x45, 0xa1, 0xff, 0xcd, 0xa2,
    0x0,

    /* U+04CC "ӌ" */
    0x3c, 0x85, 0xe4, 0x3f, 0xf9, 0xc8, 0x64, 0xbd,
    0x6, 0x90, 0x30, 0x75, 0xe9, 0xf, 0xde, 0xf,
    0xfe, 0x47, 0x90, 0xff, 0xe4, 0x0,

    /* U+04CD "Ӎ" */
    0xbe, 0xe, 0xfa, 0xf, 0xfe, 0x5a, 0x12, 0x1f,
    0xc9, 0x85, 0x87, 0xfc, 0x84, 0x88, 0x7e, 0x44,
    0x44, 0x3f, 0xb3, 0x33, 0xf, 0xe4, 0x44, 0x43,
    0xff, 0x80, 0x88, 0x7f, 0xd1, 0x18, 0x7f, 0xc8,
    0x48, 0x4f, 0x83, 0xf2, 0x1f, 0xae, 0x7, 0xa0,
    0x5a, 0x21, 0xff, 0xc1, 0x4c, 0x3f, 0xf8, 0x8,
    0x10, 0xff, 0xe0, 0xd0, 0x0,

    /* U+04CE "ӎ" */
    0xfc, 0x1b, 0xe4, 0x3f, 0xa0, 0xff, 0x40, 0x43,
    0xf2, 0x22, 0x21, 0xf6, 0x8e, 0x41, 0xfb, 0x34,
    0x3f, 0xc8, 0x88, 0x7f, 0x90, 0x41, 0x5a, 0x1b,
    0xf, 0xef, 0x23, 0xe0, 0x78, 0x8, 0x7f, 0x90,
    0xff, 0xe0, 0xe2, 0x0,

    /* U+04CF "ӏ" */
    0x7f, 0x41, 0xdb, 0x82, 0x43, 0xff, 0xbc, 0xe0,
    0x90, 0xec,

    /* U+04D0 "Ӑ" */
    0x9, 0x9, 0x41, 0xcd, 0x94, 0xc3, 0x94, 0x69,
    0x7, 0xaf, 0xc1, 0xfb, 0xe0, 0xfc, 0x85, 0x7,
    0xd0, 0x88, 0x7f, 0x41, 0xf9, 0xe, 0x83, 0xa1,
    0x21, 0xf, 0xb1, 0xf, 0x20, 0xbc, 0x8, 0x28,
    0x3e, 0x43, 0xaf, 0xa0, 0xd0, 0x10, 0x90, 0x42,
    0x1f, 0x22, 0x0,

    /* U+04D1 "ӑ" */
    0x3, 0x1, 0x83, 0x3e, 0x83, 0x3d, 0x38, 0x39,
    0x41, 0xd7, 0xe0, 0xc8, 0x6c, 0x2b, 0xe0, 0x20,
    0x43, 0xe7, 0xf0, 0x68, 0x68, 0x12, 0x9, 0x41,
    0x20, 0xec, 0x34, 0x6, 0x80,

    /* U+04D2 "Ӓ" */
    0xb, 0x8b, 0xf, 0xfe, 0x3f, 0x16, 0x1f, 0xbe,
    0xf, 0xc8, 0x50, 0x7d, 0x8, 0x87, 0xf4, 0x1f,
    0x90, 0xe8, 0x3a, 0x12, 0x10, 0xfb, 0x10, 0xf2,
    0xb, 0xc0, 0x82, 0x83, 0xe4, 0x3a, 0xfa, 0xd,
    0x1, 0x9, 0x4, 0x21, 0xf2, 0x20,

    /* U+04D3 "ӓ" */
    0xf, 0xfb, 0xc3, 0xa1, 0xff, 0xc0, 0xf0, 0xe8,
    0x57, 0xe0, 0xc8, 0x6c, 0x2b, 0xe0, 0x20, 0x43,
    0xe7, 0xf0, 0x68, 0x68, 0x12, 0x9, 0x41, 0x20,
    0xec, 0x34, 0x6, 0x80,

    /* U+04D4 "Ӕ" */
    0xe, 0xff, 0xe4, 0x34, 0x1f, 0xfc, 0x24, 0x90,
    0x7e, 0x42, 0x40, 0x87, 0xfd, 0x10, 0x7f, 0xf0,
    0x90, 0xdf, 0x82, 0x84, 0x3f, 0xf8, 0x8, 0xf9,
    0x7, 0xe0, 0x41, 0xff, 0xc2, 0x4b, 0xe4, 0x3e,
    0x40, 0x87, 0xbf, 0x30, 0x87, 0xff, 0x0,

    /* U+04D5 "ӕ" */
    0x5, 0xf4, 0x5f, 0x21, 0x21, 0x3a, 0x14, 0x83,
    0xf0, 0x1f, 0x24, 0x6, 0xa0, 0x34, 0xd, 0x45,
    0x82, 0x58, 0x24, 0xbc, 0xb, 0xf9, 0x2, 0x20,
    0x83, 0x90, 0x7a, 0xb, 0xf2, 0x41, 0x3e, 0x42,
    0x50,

    /* U+04D6 "Ӗ" */
    0x10, 0x94, 0xb, 0x29, 0x81, 0x34, 0x81, 0x7e,
    0x5, 0xfe, 0xf, 0xfe, 0x7, 0xe0, 0xff, 0xe4,
    0x7d, 0x7, 0xff, 0x3, 0xe8, 0x3f, 0xf9, 0x1f,
    0x83, 0xf8,

    /* U+04D7 "ӗ" */
    0x3, 0x1, 0x41, 0x6f, 0xac, 0x2b, 0xa7, 0x7,
    0x28, 0x39, 0xfa, 0x9, 0x82, 0x70, 0x43, 0xe4,
    0x83, 0x51, 0x10, 0x96, 0xf, 0x5f, 0xc1, 0x41,
    0xe8, 0x1f, 0x91, 0xd0, 0x94,

    /* U+04D8 "Ә" */
    0x5, 0xfa, 0xe, 0xd0, 0xce, 0x86, 0x6f, 0x92,
    0xb, 0x90, 0xa0, 0x41, 0xfc, 0x89, 0x7f, 0xc8,
    0x7f, 0xf1, 0xbf, 0x90, 0xb0, 0xf9, 0x11, 0x6,
    0x14, 0xc, 0x18, 0x3e, 0x45, 0x5, 0xa1, 0x34,
    0x0,

    /* U+04D9 "ә" */
    0x1f, 0xd0, 0x50, 0x67, 0x5, 0xf4, 0x4, 0x42,
    0x51, 0xbf, 0xc8, 0xa0, 0x2c, 0x4, 0x2e, 0x80,
    0xc4, 0xbc, 0x4, 0xa0, 0x4e, 0x0,

    /* U+04DA "Ӛ" */
    0xf, 0xfe, 0x1f, 0x8b, 0x43, 0xe4, 0x24, 0x3d,
    0xc5, 0x87, 0xaf, 0xd0, 0x76, 0x86, 0x74, 0x33,
    0x7c, 0x90, 0x5c, 0x85, 0x2, 0xf, 0xe4, 0x4b,
    0xfe, 0x43, 0xff, 0x8d, 0xfc, 0x85, 0x87, 0xc8,
    0x88, 0x30, 0xa0, 0x60, 0xc1, 0xf2, 0x28, 0x2d,
    0x9, 0xa0, 0x0,

    /* U+04DB "ӛ" */
    0xf, 0xfb, 0xc5, 0xa1, 0xec, 0x3b, 0xc3, 0xa0,
    0x7f, 0x41, 0x41, 0x9c, 0x17, 0xd0, 0x11, 0x9,
    0x46, 0xff, 0x22, 0x80, 0xb0, 0x10, 0xba, 0x3,
    0x12, 0xf0, 0x12, 0x81, 0x38,

    /* U+04DC "Ӝ" */
    0xe, 0xb0, 0x70, 0x7f, 0xf0, 0x50, 0xff, 0xe0,
    0x58, 0xf0, 0x7b, 0xc8, 0x1f, 0x4, 0xf8, 0x9,
    0x7, 0xe8, 0x41, 0x1, 0xf, 0x40, 0x82, 0x88,
    0x3c, 0x90, 0x64, 0x10, 0x68, 0x50, 0x76, 0x30,
    0x34, 0x83, 0xc8, 0x7e, 0x43, 0xd0, 0xc0, 0xd2,
    0xe, 0x81, 0x6, 0x81, 0x4, 0xa2, 0xf, 0x42,
    0x14, 0x4, 0x3c, 0x83, 0x20, 0x61, 0xfa, 0x4,

    /* U+04DD "ӝ" */
    0xf, 0xfe, 0x37, 0x87, 0x83, 0xf2, 0x1f, 0xfc,
    0x1b, 0x1e, 0xe, 0xf0, 0x5e, 0x3, 0xe0, 0x26,
    0x1e, 0x88, 0x10, 0x20, 0xd0, 0xa0, 0xb1, 0xc1,
    0xa4, 0x1f, 0xfc, 0x68, 0x18, 0x30, 0x41, 0x28,
    0xc3, 0x42, 0x14, 0x21, 0xc8, 0x32, 0x4, 0x1e,
    0xc0, 0x80,

    /* U+04DE "Ӟ" */
    0xf, 0xfb, 0xc5, 0xa1, 0x90, 0x90, 0xb8, 0xb0,
    0x9f, 0xd0, 0x50, 0x67, 0x5, 0x3c, 0x81, 0x14,
    0x8, 0x3f, 0x40, 0x41, 0xf2, 0xb0, 0xf9, 0x82,
    0xfa, 0x14, 0x1c, 0x83, 0x10, 0x90, 0x6d, 0xf4,
    0x5, 0x83, 0x38,

    /* U+04DF "ӟ" */
    0xf, 0xeb, 0x7, 0x7, 0xfa, 0xc1, 0xc0, 0xbf,
    0x20, 0x43, 0x40, 0xfc, 0x4, 0x14, 0xc5, 0x1,
    0x41, 0xef, 0x85, 0x7, 0xdb, 0xf8, 0x1a, 0x82,
    0x64,

    /* U+04E0 "Ӡ" */
    0x3f, 0xe4, 0x3f, 0x27, 0xd0, 0x20, 0xcc, 0x48,
    0x4c, 0x48, 0x68, 0x16, 0x84, 0xb0, 0x24, 0x15,
    0x60, 0xc3, 0xc8, 0xb0, 0x4a, 0x1e, 0xfa, 0x5,
    0x10, 0xce, 0x0,

    /* U+04E1 "ӡ" */
    0x3f, 0xe4, 0x3f, 0x27, 0xd0, 0x20, 0xcc, 0x48,
    0x4c, 0x48, 0x68, 0x14, 0xc, 0x84, 0xe1, 0x5e,
    0x80, 0x87, 0x20, 0xc3, 0xf9, 0x41, 0x20, 0xf5,
    0xf4, 0x6, 0x43, 0x58,

    /* U+04E2 "Ӣ" */
    0x3, 0xfc, 0x1c, 0xbe, 0xa, 0xf5, 0x67, 0xc1,
    0xf4, 0x1f, 0xe4, 0x3f, 0xa0, 0xff, 0x24, 0x1f,
    0x42, 0x83, 0xe4, 0x90, 0xf4, 0x21, 0xf9, 0x20,
    0xfe, 0x43, 0xfd, 0x7, 0xf2, 0x1f, 0x0,

    /* U+04E3 "ӣ" */
    0x1f, 0xe0, 0x97, 0xc1, 0xab, 0x81, 0x70, 0x1f,
    0x41, 0xd0, 0x7d, 0x7, 0xe4, 0x43, 0xa2, 0x43,
    0x91, 0xe, 0x48, 0x3f, 0x21, 0xf4, 0x1c,

    /* U+04E4 "Ӥ" */
    0x3, 0xa7, 0x83, 0xff, 0x88, 0xe9, 0xe0, 0xaf,
    0x6, 0xf8, 0x3e, 0x83, 0xfc, 0x87, 0xf4, 0x1f,
    0xe4, 0x83, 0xe8, 0x50, 0x7c, 0x92, 0x1e, 0x84,
    0x3f, 0x24, 0x1f, 0xc8, 0x7f, 0xa0, 0xfe, 0x43,
    0xe0,

    /* U+04E5 "ӥ" */
    0xf, 0xf3, 0xc7, 0x83, 0xb1, 0xc, 0xe9, 0x60,
    0xb8, 0xf, 0xa0, 0xe8, 0x3e, 0x83, 0xf2, 0x21,
    0xd1, 0x21, 0xc8, 0x87, 0x24, 0x1f, 0x90, 0xfa,
    0xe,

    /* U+04E6 "Ӧ" */
    0xf, 0xfe, 0x1b, 0xc7, 0x83, 0xf6, 0x1f, 0xce,
    0x9e, 0xf, 0x37, 0xd0, 0x75, 0x10, 0x9d, 0x2,
    0x87, 0xd0, 0x20, 0x60, 0x80, 0xc0, 0x44, 0x43,
    0x20, 0xc3, 0xff, 0xb2, 0x88, 0x64, 0x19, 0x82,
    0x3, 0x1, 0x14, 0x3e, 0x81, 0x5, 0x44, 0x27,
    0x40,

    /* U+04E7 "ӧ" */
    0xf, 0xfe, 0x5, 0x83, 0x83, 0xff, 0x85, 0x60,
    0xe0, 0xcf, 0xd2, 0x13, 0x4, 0xc8, 0x21, 0xf2,
    0x41, 0xb0, 0x61, 0xe4, 0x3f, 0x90, 0xfe, 0xc1,
    0x86, 0x87, 0xc9, 0x1, 0x90, 0xa4,

    /* U+04E8 "Ө" */
    0x9, 0xbe, 0x83, 0xa8, 0x84, 0xe8, 0x14, 0x3f,
    0x2, 0x6, 0x8, 0x2c, 0x8, 0x90, 0x7d, 0x85,
    0x7f, 0x7, 0xff, 0x1a, 0xfe, 0xc, 0x98, 0x7d,
    0x98, 0xc1, 0x60, 0x45, 0xf, 0xc0, 0x82, 0xa2,
    0x13, 0xa0,

    /* U+04E9 "ө" */
    0x3, 0xf4, 0x19, 0x82, 0x70, 0xa1, 0xf2, 0x61,
    0x9a, 0x21, 0x21, 0x28, 0x32, 0xb, 0xd0, 0x7a,
    0x4, 0x1a, 0x7, 0x81, 0x1, 0x82, 0x64,

    /* U+04EA "Ӫ" */
    0x9, 0xd3, 0xc1, 0xfb, 0xf, 0xe7, 0x8f, 0x7,
    0x9b, 0xe8, 0x3a, 0x88, 0x4e, 0x81, 0x43, 0xf0,
    0x20, 0x60, 0x82, 0xc0, 0x89, 0x7, 0xd8, 0x57,
    0xf0, 0x7f, 0xf1, 0xaf, 0xe0, 0xc9, 0x87, 0xd9,
    0x8c, 0x16, 0x4, 0x50, 0xfc, 0x8, 0x2a, 0x21,
    0x3a, 0x0,

    /* U+04EB "ӫ" */
    0xf, 0xfe, 0x5, 0x8f, 0x7, 0xc8, 0x7a, 0xc1,
    0xc1, 0x9f, 0xa0, 0xcc, 0x13, 0x85, 0xf, 0x93,
    0xc, 0xd1, 0x9, 0x9, 0x41, 0x90, 0x5e, 0x83,
    0xd0, 0x20, 0xd0, 0x3c, 0x8, 0xc, 0x13, 0x20,

    /* U+04EC "Ӭ" */
    0xf, 0xf9, 0xe3, 0xc1, 0xf9, 0xe, 0x78, 0xb0,
    0xcf, 0xe8, 0x34, 0x19, 0xc2, 0xa7, 0xa0, 0x60,
    0x50, 0x18, 0x3f, 0x90, 0x20, 0xfe, 0x6, 0x1f,
    0xfc, 0xf, 0xe0, 0x61, 0xe4, 0x8, 0x84, 0xc1,
    0xaf, 0xa0, 0x60, 0x43, 0x38, 0x0,

    /* U+04ED "ӭ" */
    0xf, 0xef, 0xe, 0x87, 0xfb, 0xc3, 0xa0, 0xbe,
    0x82, 0x42, 0x70, 0x7d, 0x1, 0x5, 0x30, 0x60,
    0x58, 0x3b, 0xe0, 0xf9, 0x6, 0xfd, 0x1, 0x41,
    0x9c,

    /* U+04EE "Ӯ" */
    0x3, 0xfc, 0x1e, 0x5e, 0xa, 0xeb, 0xbe, 0x20,
    0x21, 0x62, 0x1b, 0x9, 0x30, 0x42, 0x4, 0x8,
    0x10, 0x24, 0x41, 0xa2, 0x9, 0xc, 0x83, 0x10,
    0xf2, 0x14, 0x1e, 0x83, 0xfd, 0x2, 0xe, 0xf2,
    0x28, 0x3f, 0x30, 0x70,

    /* U+04EF "ӯ" */
    0xb, 0xf8, 0x3c, 0xbc, 0x1e, 0xae, 0xd, 0xe8,
    0x2b, 0xc0, 0x84, 0x24, 0x40, 0x81, 0xd, 0x4,
    0x98, 0x87, 0xb1, 0x22, 0xc, 0x81, 0x2, 0x1c,
    0x90, 0x7e, 0x82, 0x83, 0xe4, 0x8, 0x7f, 0x21,
    0xf2, 0x8c, 0x39, 0xe1, 0x41, 0xf9, 0x83, 0x80,

    /* U+04F0 "Ӱ" */
    0xf, 0xfe, 0xb, 0xa7, 0x83, 0xff, 0x88, 0xe9,
    0xe0, 0xaf, 0x6, 0x7c, 0x40, 0x42, 0xc4, 0x36,
    0x12, 0x60, 0x84, 0x8, 0x10, 0x20, 0x48, 0x83,
    0x44, 0x12, 0x19, 0x6, 0x21, 0xe4, 0x28, 0x3d,
    0x7, 0xfa, 0x4, 0x1d, 0xe4, 0x50, 0x7e, 0x60,
    0xe0,

    /* U+04F1 "ӱ" */
    0xf, 0xfe, 0x17, 0x8b, 0x43, 0xc8, 0x48, 0x77,
    0x16, 0x1b, 0xd0, 0x57, 0x81, 0x8, 0x48, 0x81,
    0x2, 0x1a, 0x9, 0x31, 0xf, 0x62, 0x44, 0x19,
    0x2, 0x4, 0x39, 0x20, 0xfd, 0x5, 0x7, 0xc8,
    0x10, 0xfe, 0x43, 0xe5, 0x18, 0x73, 0xc2, 0x83,
    0xf3, 0x7, 0x0,

    /* U+04F2 "Ӳ" */
    0xd, 0x74, 0xf0, 0x65, 0xa5, 0x61, 0xd4, 0x68,
    0xb, 0xca, 0x13, 0xc4, 0x4, 0x2c, 0x43, 0x61,
    0x26, 0x8, 0x40, 0x81, 0x2, 0x4, 0x88, 0x34,
    0x41, 0x21, 0x90, 0x62, 0x1e, 0x42, 0x83, 0xd0,
    0x7f, 0xa0, 0x41, 0xde, 0x45, 0x7, 0xe6, 0xe,

    /* U+04F3 "ӳ" */
    0xb, 0xcf, 0xa0, 0xa2, 0x3, 0x6, 0x9e, 0x80,
    0xf0, 0x97, 0xc4, 0x21, 0x22, 0x20, 0x43, 0x40,
    0x4c, 0x43, 0xb1, 0x22, 0x9, 0x2, 0x4, 0x34,
    0x41, 0xf2, 0x14, 0x1e, 0x40, 0x87, 0xe4, 0x3c,
    0xa3, 0xc, 0xf0, 0xa0, 0xf9, 0x83, 0x80,

    /* U+04F4 "Ӵ" */
    0x7, 0x16, 0x1e, 0x42, 0x43, 0x78, 0xb4, 0x1e,
    0x82, 0x7c, 0x1f, 0xfd, 0xd4, 0x50, 0x30, 0xa0,
    0x5e, 0x43, 0x41, 0xfc, 0xfe, 0x83, 0xff, 0xaa,

    /* U+04F5 "ӵ" */
    0xf, 0xfb, 0xc3, 0xc1, 0x21, 0xfa, 0xc7, 0x81,
    0xe4, 0xf, 0x83, 0xff, 0x93, 0x83, 0x9, 0x1f,
    0x21, 0x48, 0x7e, 0xbe, 0x83, 0xff, 0x90,

    /* U+04F6 "Ӷ" */
    0xbf, 0xd0, 0x7f, 0xdf, 0xa0, 0xff, 0xf7, 0xf8,
    0x3f, 0xeb, 0xc1, 0xff, 0xcc, 0xa0, 0x40,

    /* U+04F7 "ӷ" */
    0xff, 0x21, 0xe4, 0xf, 0xc1, 0xff, 0xd3, 0x78,
    0x3c, 0x83, 0xd0, 0x7f, 0xf1, 0x80,

    /* U+04F8 "Ӹ" */
    0x9, 0xd3, 0xc1, 0xfd, 0x87, 0xf9, 0xe3, 0xc1,
    0xaf, 0x7, 0xde, 0x43, 0xff, 0xbd, 0xf4, 0x1f,
    0xfc, 0x7, 0xf, 0xde, 0x40, 0x87, 0xf4, 0x1f,
    0xfc, 0xd8, 0x3f, 0xde, 0x40, 0x87, 0xf9, 0xc3,
    0x80,

    /* U+04F9 "ӹ" */
    0xf, 0xfe, 0x1f, 0x87, 0x43, 0xff, 0x8d, 0xe1,
    0xd0, 0xae, 0xf, 0x79, 0xf, 0xfe, 0x73, 0xf2,
    0x1f, 0xf4, 0x87, 0x9f, 0x3, 0xf, 0xfe, 0x33,
    0xe0, 0x61, 0xfe, 0x90, 0xc0,

    /* U+04FA "Ӻ" */
    0x2f, 0xf4, 0x1f, 0xfc, 0x1f, 0xd0, 0x7f, 0xf1,
    0xa4, 0x1f, 0x7, 0xfd, 0x20, 0xf8, 0x3f, 0xf9,
    0x9e, 0x43, 0xff, 0x81, 0x78, 0x3f, 0x20, 0x43,
    0x70, 0x7f, 0xa0, 0x80,

    /* U+04FB "ӻ" */
    0x3f, 0xc8, 0x7f, 0xd7, 0xc8, 0x7e, 0xc1, 0x78,
    0x3f, 0xd8, 0x2f, 0x7, 0x51, 0xf, 0x21, 0xbc,
    0x87, 0xff, 0xb, 0x43, 0xf2, 0x80,

    /* U+04FC "Ӽ" */
    0x7c, 0x85, 0x78, 0x8, 0x20, 0x92, 0xb, 0x2,
    0x60, 0x43, 0x24, 0x82, 0xe, 0x81, 0xa, 0xf,
    0x41, 0x41, 0xf6, 0x1f, 0xf2, 0x16, 0x1e, 0xc1,
    0x81, 0xc, 0x83, 0x12, 0xd, 0x8, 0x20, 0x79,
    0x81, 0x5, 0x6, 0xbc, 0x19, 0xc3, 0xff, 0x95,
    0xe0, 0x21, 0xfe, 0x80,

    /* U+04FD "ӽ" */
    0x7c, 0x17, 0xa1, 0x6, 0x40, 0x81, 0x82, 0x48,
    0x32, 0x20, 0x43, 0x41, 0x41, 0xd0, 0x50, 0x65,
    0x10, 0x20, 0xa1, 0x50, 0xf4, 0x4, 0x21, 0x37,
    0x82, 0xf0, 0x7f, 0x22, 0x1e, 0xa0, 0x7f, 0xd0,

    /* U+04FE "Ӿ" */
    0x7c, 0x85, 0x78, 0x41, 0x4, 0x88, 0x20, 0x24,
    0x8, 0xa, 0x25, 0x10, 0x68, 0x10, 0x10, 0xbc,
    0x1d, 0xe0, 0xff, 0xe0, 0xf8, 0x3b, 0xc1, 0x60,
    0x80, 0x84, 0x82, 0x51, 0x5, 0xa, 0x20, 0x44,
    0x8, 0x28, 0x50,

    /* U+04FF "ӿ" */
    0xbc, 0x17, 0xc4, 0x8, 0x41, 0x82, 0x15, 0x8,
    0x48, 0x20, 0x41, 0x61, 0xda, 0x1f, 0xfc, 0xc,
    0x8, 0x24, 0x18, 0x24, 0x81, 0x3, 0x20, 0x60
};


/*---------------------
 *  GLYPH DESCRIPTION
 *--------------------*/

static const lv_font_fmt_txt_glyph_dsc_t glyph_dsc[] = {
    {.bitmap_index = 0, .adv_w = 0, .box_w = 0, .box_h = 0, .ofs_x = 0, .ofs_y = 0} /* id = 0 reserved */,
    {.bitmap_index = 0, .adv_w = 67, .box_w = 0, .box_h = 0, .ofs_x = 0, .ofs_y = 0},
    {.bitmap_index = 0, .adv_w = 72, .box_w = 4, .box_h = 12, .ofs_x = 0, .ofs_y = 0},
    {.bitmap_index = 11, .adv_w = 123, .box_w = 7, .box_h = 5, .ofs_x = 0, .ofs_y = 7},
    {.bitmap_index = 19, .adv_w = 165, .box_w = 10, .box_h = 12, .ofs_x = 0, .ofs_y = 0},
    {.bitmap_index = 50, .adv_w = 146, .box_w = 9, .box_h = 14, .ofs_x = 0, .ofs_y = -2},
    {.bitmap_index = 82, .adv_w = 231, .box_w = 14, .box_h = 12, .ofs_x = 0, .ofs_y = 0},
    {.bitmap_index = 122, .adv_w = 192, .box_w = 12, .box_h = 12, .ofs_x = 0, .ofs_y = 0},
    {.bitmap_index = 157, .adv_w = 68, .box_w = 4, .box_h = 5, .ofs_x = 0, .ofs_y = 7},
    {.bitmap_index = 162, .adv_w = 87, .box_w = 5, .box_h = 15, .ofs_x = 0, .ofs_y = -3},
    {.bitmap_index = 180, .adv_w = 87, .box_w = 5, .box_h = 15, .ofs_x = 0, .ofs_y = -3},
    {.bitmap_index = 198, .adv_w = 139, .box_w = 9, .box_h = 8, .ofs_x = 0, .ofs_y = 4},
    {.bitmap_index = 217, .adv_w = 146, .box_w = 9, .box_h = 8, .ofs_x = 0, .ofs_y = 2},
    {.bitmap_index = 232, .adv_w = 73, .box_w = 4, .box_h = 4, .ofs_x = 0, .ofs_y = -2},
    {.bitmap_index = 236, .adv_w = 82, .box_w = 5, .box_h = 2, .ofs_x = 0, .ofs_y = 3},
    {.bitmap_index = 239, .adv_w = 72, .box_w = 4, .box_h = 3, .ofs_x = 0, .ofs_y = 0},
    {.bitmap_index = 243, .adv_w = 106, .box_w = 7, .box_h = 12, .ofs_x = 0, .ofs_y = 0},
    {.bitmap_index = 262, .adv_w = 146, .box_w = 9, .box_h = 12, .ofs_x = 0, .ofs_y = 0},
    {.bitmap_index = 286, .adv_w = 146, .box_w = 7, .box_h = 12, .ofs_x = 0, .ofs_y = 0},
    {.bitmap_index = 298, .adv_w = 146, .box_w = 9, .box_h = 12, .ofs_x = 0, .ofs_y = 0},
    {.bitmap_index = 325, .adv_w = 146, .box_w = 9, .box_h = 12, .ofs_x = 0, .ofs_y = 0},
    {.bitmap_index = 352, .adv_w = 146, .box_w = 9, .box_h = 12, .ofs_x = 0, .ofs_y = 0},
    {.bitmap_index = 375, .adv_w = 146, .box_w = 9, .box_h = 12, .ofs_x = 0, .ofs_y = 0},
    {.bitmap_index = 399, .adv_w = 146, .box_w = 9, .box_h = 12, .ofs_x = 0, .ofs_y = 0},
    {.bitmap_index = 426, .adv_w = 146, .box_w = 9, .box_h = 12, .ofs_x = 0, .ofs_y = 0},
    {.bitmap_index = 450, .adv_w = 146, .box_w = 9, .box_h = 12, .ofs_x = 0, .ofs_y = 0},
    {.bitmap_index = 478, .adv_w = 146, .box_w = 9, .box_h = 12, .ofs_x = 0, .ofs_y = 0},
    {.bitmap_index = 506, .adv_w = 72, .box_w = 4, .box_h = 9, .ofs_x = 0, .ofs_y = 0},
    {.bitmap_index = 515, .adv_w = 73, .box_w = 4, .box_h = 11, .ofs_x = 0, .ofs_y = -2},
    {.bitmap_index = 526, .adv_w = 146, .box_w = 9, .box_h = 10, .ofs_x = 0, .ofs_y = 1},
    {.bitmap_index = 547, .adv_w = 146, .box_w = 9, .box_h = 5, .ofs_x = 0, .ofs_y = 3},
    {.bitmap_index = 556, .adv_w = 146, .box_w = 9, .box_h = 10, .ofs_x = 0, .ofs_y = 1},
    {.bitmap_index = 577, .adv_w = 122, .box_w = 8, .box_h = 12, .ofs_x = 0, .ofs_y = 0},
    {.bitmap_index = 599, .adv_w = 230, .box_w = 14, .box_h = 13, .ofs_x = 0, .ofs_y = -1},
    {.bitmap_index = 642, .adv_w = 177, .box_w = 12, .box_h = 12, .ofs_x = 0, .ofs_y = 0},
    {.bitmap_index = 674, .adv_w = 170, .box_w = 9, .box_h = 12, .ofs_x = 1, .ofs_y = 0},
    {.bitmap_index = 698, .adv_w = 164, .box_w = 10, .box_h = 12, .ofs_x = 0, .ofs_y = 0},
    {.bitmap_index = 725, .adv_w = 187, .box_w = 10, .box_h = 12, .ofs_x = 1, .ofs_y = 0},
    {.bitmap_index = 751, .adv_w = 143, .box_w = 8, .box_h = 12, .ofs_x = 1, .ofs_y = 0},
    {.bitmap_index = 769, .adv_w = 141, .box_w = 7, .box_h = 12, .ofs_x = 1, .ofs_y = 0},
    {.bitmap_index = 782, .adv_w = 185, .box_w = 11, .box_h = 12, .ofs_x = 0, .ofs_y = 0},
    {.bitmap_index = 813, .adv_w = 196, .box_w = 10, .box_h = 12, .ofs_x = 1, .ofs_y = 0},
    {.bitmap_index = 826, .adv_w = 100, .box_w = 6, .box_h = 12, .ofs_x = 0, .ofs_y = 0},
    {.bitmap_index = 836, .adv_w = 85, .box_w = 6, .box_h = 15, .ofs_x = -2, .ofs_y = -3},
    {.bitmap_index = 845, .adv_w = 170, .box_w = 10, .box_h = 12, .ofs_x = 1, .ofs_y = 0},
    {.bitmap_index = 872, .adv_w = 143, .box_w = 8, .box_h = 12, .ofs_x = 1, .ofs_y = 0},
    {.bitmap_index = 879, .adv_w = 241, .box_w = 13, .box_h = 12, .ofs_x = 1, .ofs_y = 0},
    {.bitmap_index = 911, .adv_w = 208, .box_w = 11, .box_h = 12, .ofs_x = 1, .ofs_y = 0},
    {.bitmap_index = 938, .adv_w = 202, .box_w = 12, .box_h = 12, .ofs_x = 0, .ofs_y = 0},
    {.bitmap_index = 970, .adv_w = 159, .box_w = 9, .box_h = 12, .ofs_x = 1, .ofs_y = 0},
    {.bitmap_index = 989, .adv_w = 202, .box_w = 12, .box_h = 15, .ofs_x = 0, .ofs_y = -3},
    {.bitmap_index = 1028, .adv_w = 168, .box_w = 10, .box_h = 12, .ofs_x = 1, .ofs_y = 0},
    {.bitmap_index = 1054, .adv_w = 141, .box_w = 9, .box_h = 12, .ofs_x = 0, .ofs_y = 0},
    {.bitmap_index = 1082, .adv_w = 148, .box_w = 9, .box_h = 12, .ofs_x = 0, .ofs_y = 0},
    {.bitmap_index = 1092, .adv_w = 194, .box_w = 10, .box_h = 12, .ofs_x = 1, .ofs_y = 0},
    {.bitmap_index = 1107, .adv_w = 166, .box_w = 11, .box_h = 12, .ofs_x = 0, .ofs_y = 0},
    {.bitmap_index = 1139, .adv_w = 248, .box_w = 16, .box_h = 12, .ofs_x = 0, .ofs_y = 0},
    {.bitmap_index = 1185, .adv_w = 172, .box_w = 11, .box_h = 12, .ofs_x = 0, .ofs_y = 0},
    {.bitmap_index = 1219, .adv_w = 160, .box_w = 11, .box_h = 12, .ofs_x = 0, .ofs_y = 0},
    {.bitmap_index = 1245, .adv_w = 148, .box_w = 9, .box_h = 12, .ofs_x = 0, .ofs_y = 0},
    {.bitmap_index = 1269, .adv_w = 85, .box_w = 4, .box_h = 14, .ofs_x = 1, .ofs_y = -2},
    {.bitmap_index = 1277, .adv_w = 106, .box_w = 7, .box_h = 12, .ofs_x = 0, .ofs_y = 0},
    {.bitmap_index = 1296, .adv_w = 85, .box_w = 5, .box_h = 14, .ofs_x = 0, .ofs_y = -2},
    {.bitmap_index = 1305, .adv_w = 146, .box_w = 9, .box_h = 8, .ofs_x = 0, .ofs_y = 4},
    {.bitmap_index = 1322, .adv_w = 105, .box_w = 8, .box_h = 2, .ofs_x = -1, .ofs_y = -3},
    {.bitmap_index = 1326, .adv_w = 93, .box_w = 6, .box_h = 3, .ofs_x = 0, .ofs_y = 10},
    {.bitmap_index = 1331, .adv_w = 153, .box_w = 9, .box_h = 9, .ofs_x = 0, .ofs_y = 0},
    {.bitmap_index = 1352, .adv_w = 162, .box_w = 9, .box_h = 12, .ofs_x = 1, .ofs_y = 0},
    {.bitmap_index = 1374, .adv_w = 132, .box_w = 8, .box_h = 9, .ofs_x = 0, .ofs_y = 0},
    {.bitmap_index = 1391, .adv_w = 162, .box_w = 9, .box_h = 12, .ofs_x = 0, .ofs_y = 0},
    {.bitmap_index = 1415, .adv_w = 153, .box_w = 9, .box_h = 9, .ofs_x = 0, .ofs_y = 0},
    {.bitmap_index = 1435, .adv_w = 99, .box_w = 7, .box_h = 12, .ofs_x = 0, .ofs_y = 0},
    {.bitmap_index = 1449, .adv_w = 162, .box_w = 9, .box_h = 13, .ofs_x = 0, .ofs_y = -4},
    {.bitmap_index = 1478, .adv_w = 166, .box_w = 9, .box_h = 12, .ofs_x = 1, .ofs_y = 0},
    {.bitmap_index = 1493, .adv_w = 77, .box_w = 3, .box_h = 12, .ofs_x = 1, .ofs_y = 0},
    {.bitmap_index = 1500, .adv_w = 76, .box_w = 5, .box_h = 16, .ofs_x = -1, .ofs_y = -4},
    {.bitmap_index = 1512, .adv_w = 159, .box_w = 9, .box_h = 12, .ofs_x = 1, .ofs_y = 0},
    {.bitmap_index = 1533, .adv_w = 76, .box_w = 3, .box_h = 12, .ofs_x = 1, .ofs_y = 0},
    {.bitmap_index = 1537, .adv_w = 250, .box_w = 14, .box_h = 9, .ofs_x = 1, .ofs_y = 0},
    {.bitmap_index = 1554, .adv_w = 166, .box_w = 9, .box_h = 9, .ofs_x = 1, .ofs_y = 0},
    {.bitmap_index = 1566, .adv_w = 160, .box_w = 10, .box_h = 9, .ofs_x = 0, .ofs_y = 0},
    {.bitmap_index = 1588, .adv_w = 162, .box_w = 9, .box_h = 13, .ofs_x = 1, .ofs_y = -4},
    {.bitmap_index = 1612, .adv_w = 162, .box_w = 9, .box_h = 13, .ofs_x = 0, .ofs_y = -4},
    {.bitmap_index = 1636, .adv_w = 114, .box_w = 6, .box_h = 9, .ofs_x = 1, .ofs_y = 0},
    {.bitmap_index = 1646, .adv_w = 129, .box_w = 8, .box_h = 9, .ofs_x = 0, .ofs_y = 0},
    {.bitmap_index = 1665, .adv_w = 111, .box_w = 7, .box_h = 11, .ofs_x = 0, .ofs_y = 0},
    {.bitmap_index = 1681, .adv_w = 166, .box_w = 9, .box_h = 9, .ofs_x = 1, .ofs_y = 0},
    {.bitmap_index = 1694, .adv_w = 146, .box_w = 10, .box_h = 9, .ofs_x = 0, .ofs_y = 0},
    {.bitmap_index = 1716, .adv_w = 219, .box_w = 14, .box_h = 9, .ofs_x = 0, .ofs_y = 0},
    {.bitmap_index = 1749, .adv_w = 148, .box_w = 10, .box_h = 9, .ofs_x = 0, .ofs_y = 0},
    {.bitmap_index = 1773, .adv_w = 146, .box_w = 10, .box_h = 13, .ofs_x = 0, .ofs_y = -4},
    {.bitmap_index = 1804, .adv_w = 126, .box_w = 8, .box_h = 9, .ofs_x = 0, .ofs_y = 0},
    {.bitmap_index = 1821, .adv_w = 101, .box_w = 6, .box_h = 14, .ofs_x = 0, .ofs_y = -2},
    {.bitmap_index = 1840, .adv_w = 141, .box_w = 3, .box_h = 16, .ofs_x = 3, .ofs_y = -4},
    {.bitmap_index = 1844, .adv_w = 101, .box_w = 7, .box_h = 14, .ofs_x = 0, .ofs_y = -2},
    {.bitmap_index = 1862, .adv_w = 146, .box_w = 9, .box_h = 4, .ofs_x = 0, .ofs_y = 3},
    {.bitmap_index = 1872, .adv_w = 144, .box_w = 8, .box_h = 15, .ofs_x = 1, .ofs_y = 0},
    {.bitmap_index = 1896, .adv_w = 144, .box_w = 8, .box_h = 15, .ofs_x = 1, .ofs_y = 0},
    {.bitmap_index = 1920, .adv_w = 196, .box_w = 12, .box_h = 12, .ofs_x = 0, .ofs_y = 0},
    {.bitmap_index = 1946, .adv_w = 144, .box_w = 8, .box_h = 15, .ofs_x = 1, .ofs_y = 0},
    {.bitmap_index = 1960, .adv_w = 167, .box_w = 10, .box_h = 12, .ofs_x = 0, .ofs_y = 0},
    {.bitmap_index = 1989, .adv_w = 140, .box_w = 9, .box_h = 12, .ofs_x = 0, .ofs_y = 0},
    {.bitmap_index = 2017, .adv_w = 83, .box_w = 3, .box_h = 12, .ofs_x = 1, .ofs_y = 0},
    {.bitmap_index = 2021, .adv_w = 85, .box_w = 6, .box_h = 15, .ofs_x = 0, .ofs_y = 0},
    {.bitmap_index = 2030, .adv_w = 85, .box_w = 6, .box_h = 15, .ofs_x = -2, .ofs_y = -3},
    {.bitmap_index = 2039, .adv_w = 265, .box_w = 16, .box_h = 12, .ofs_x = 0, .ofs_y = 0},
    {.bitmap_index = 2077, .adv_w = 272, .box_w = 16, .box_h = 12, .ofs_x = 1, .ofs_y = 0},
    {.bitmap_index = 2107, .adv_w = 199, .box_w = 12, .box_h = 12, .ofs_x = 0, .ofs_y = 0},
    {.bitmap_index = 2128, .adv_w = 175, .box_w = 11, .box_h = 15, .ofs_x = 1, .ofs_y = 0},
    {.bitmap_index = 2164, .adv_w = 202, .box_w = 11, .box_h = 15, .ofs_x = 1, .ofs_y = 0},
    {.bitmap_index = 2197, .adv_w = 165, .box_w = 11, .box_h = 16, .ofs_x = 0, .ofs_y = 0},
    {.bitmap_index = 2240, .adv_w = 196, .box_w = 10, .box_h = 15, .ofs_x = 1, .ofs_y = -3},
    {.bitmap_index = 2259, .adv_w = 177, .box_w = 12, .box_h = 12, .ofs_x = 0, .ofs_y = 0},
    {.bitmap_index = 2291, .adv_w = 166, .box_w = 9, .box_h = 12, .ofs_x = 1, .ofs_y = 0},
    {.bitmap_index = 2313, .adv_w = 169, .box_w = 9, .box_h = 12, .ofs_x = 1, .ofs_y = 0},
    {.bitmap_index = 2337, .adv_w = 144, .box_w = 8, .box_h = 12, .ofs_x = 1, .ofs_y = 0},
    {.bitmap_index = 2345, .adv_w = 199, .box_w = 13, .box_h = 15, .ofs_x = 0, .ofs_y = -3},
    {.bitmap_index = 2376, .adv_w = 144, .box_w = 8, .box_h = 12, .ofs_x = 1, .ofs_y = 0},
    {.bitmap_index = 2393, .adv_w = 255, .box_w = 16, .box_h = 12, .ofs_x = 0, .ofs_y = 0},
    {.bitmap_index = 2439, .adv_w = 152, .box_w = 9, .box_h = 12, .ofs_x = 0, .ofs_y = 0},
    {.bitmap_index = 2466, .adv_w = 202, .box_w = 11, .box_h = 12, .ofs_x = 1, .ofs_y = 0},
    {.bitmap_index = 2492, .adv_w = 202, .box_w = 11, .box_h = 16, .ofs_x = 1, .ofs_y = 0},
    {.bitmap_index = 2528, .adv_w = 177, .box_w = 11, .box_h = 12, .ofs_x = 1, .ofs_y = 0},
    {.bitmap_index = 2557, .adv_w = 188, .box_w = 11, .box_h = 12, .ofs_x = 0, .ofs_y = 0},
    {.bitmap_index = 2578, .adv_w = 241, .box_w = 13, .box_h = 12, .ofs_x = 1, .ofs_y = 0},
    {.bitmap_index = 2610, .adv_w = 197, .box_w = 10, .box_h = 12, .ofs_x = 1, .ofs_y = 0},
    {.bitmap_index = 2623, .adv_w = 199, .box_w = 12, .box_h = 12, .ofs_x = 0, .ofs_y = 0},
    {.bitmap_index = 2658, .adv_w = 195, .box_w = 10, .box_h = 12, .ofs_x = 1, .ofs_y = 0},
    {.bitmap_index = 2669, .adv_w = 159, .box_w = 9, .box_h = 12, .ofs_x = 1, .ofs_y = 0},
    {.bitmap_index = 2688, .adv_w = 165, .box_w = 10, .box_h = 12, .ofs_x = 0, .ofs_y = 0},
    {.bitmap_index = 2716, .adv_w = 148, .box_w = 9, .box_h = 12, .ofs_x = 0, .ofs_y = 0},
    {.bitmap_index = 2726, .adv_w = 165, .box_w = 11, .box_h = 12, .ofs_x = 0, .ofs_y = 0},
    {.bitmap_index = 2758, .adv_w = 231, .box_w = 14, .box_h = 12, .ofs_x = 0, .ofs_y = 0},
    {.bitmap_index = 2797, .adv_w = 171, .box_w = 11, .box_h = 12, .ofs_x = 0, .ofs_y = 0},
    {.bitmap_index = 2830, .adv_w = 199, .box_w = 12, .box_h = 15, .ofs_x = 1, .ofs_y = -3},
    {.bitmap_index = 2848, .adv_w = 184, .box_w = 10, .box_h = 12, .ofs_x = 1, .ofs_y = 0},
    {.bitmap_index = 2865, .adv_w = 273, .box_w = 15, .box_h = 12, .ofs_x = 1, .ofs_y = 0},
    {.bitmap_index = 2881, .adv_w = 275, .box_w = 17, .box_h = 15, .ofs_x = 1, .ofs_y = -3},
    {.bitmap_index = 2905, .adv_w = 193, .box_w = 12, .box_h = 12, .ofs_x = 0, .ofs_y = 0},
    {.bitmap_index = 2931, .adv_w = 236, .box_w = 13, .box_h = 12, .ofs_x = 1, .ofs_y = 0},
    {.bitmap_index = 2955, .adv_w = 165, .box_w = 9, .box_h = 12, .ofs_x = 1, .ofs_y = 0},
    {.bitmap_index = 2975, .adv_w = 168, .box_w = 10, .box_h = 12, .ofs_x = 0, .ofs_y = 0},
    {.bitmap_index = 3005, .adv_w = 260, .box_w = 15, .box_h = 12, .ofs_x = 1, .ofs_y = 0},
    {.bitmap_index = 3043, .adv_w = 174, .box_w = 10, .box_h = 12, .ofs_x = 0, .ofs_y = 0},
    {.bitmap_index = 3070, .adv_w = 153, .box_w = 9, .box_h = 9, .ofs_x = 0, .ofs_y = 0},
    {.bitmap_index = 3091, .adv_w = 160, .box_w = 10, .box_h = 14, .ofs_x = 0, .ofs_y = 0},
    {.bitmap_index = 3125, .adv_w = 153, .box_w = 8, .box_h = 9, .ofs_x = 1, .ofs_y = 0},
    {.bitmap_index = 3144, .adv_w = 122, .box_w = 7, .box_h = 9, .ofs_x = 1, .ofs_y = 0},
    {.bitmap_index = 3151, .adv_w = 163, .box_w = 11, .box_h = 12, .ofs_x = 0, .ofs_y = -3},
    {.bitmap_index = 3173, .adv_w = 150, .box_w = 9, .box_h = 9, .ofs_x = 0, .ofs_y = 0},
    {.bitmap_index = 3195, .adv_w = 222, .box_w = 14, .box_h = 9, .ofs_x = 0, .ofs_y = 0},
    {.bitmap_index = 3226, .adv_w = 132, .box_w = 8, .box_h = 9, .ofs_x = 0, .ofs_y = 0},
    {.bitmap_index = 3244, .adv_w = 173, .box_w = 9, .box_h = 9, .ofs_x = 1, .ofs_y = 0},
    {.bitmap_index = 3261, .adv_w = 173, .box_w = 9, .box_h = 13, .ofs_x = 1, .ofs_y = 0},
    {.bitmap_index = 3287, .adv_w = 158, .box_w = 9, .box_h = 9, .ofs_x = 1, .ofs_y = 0},
    {.bitmap_index = 3306, .adv_w = 159, .box_w = 9, .box_h = 9, .ofs_x = 0, .ofs_y = 0},
    {.bitmap_index = 3322, .adv_w = 214, .box_w = 12, .box_h = 9, .ofs_x = 1, .ofs_y = 0},
    {.bitmap_index = 3345, .adv_w = 168, .box_w = 9, .box_h = 9, .ofs_x = 1, .ofs_y = 0},
    {.bitmap_index = 3357, .adv_w = 159, .box_w = 10, .box_h = 9, .ofs_x = 0, .ofs_y = 0},
    {.bitmap_index = 3379, .adv_w = 166, .box_w = 9, .box_h = 9, .ofs_x = 1, .ofs_y = 0},
    {.bitmap_index = 3387, .adv_w = 163, .box_w = 9, .box_h = 13, .ofs_x = 1, .ofs_y = -4},
    {.bitmap_index = 3411, .adv_w = 134, .box_w = 8, .box_h = 9, .ofs_x = 0, .ofs_y = 0},
    {.bitmap_index = 3429, .adv_w = 129, .box_w = 8, .box_h = 9, .ofs_x = 0, .ofs_y = 0},
    {.bitmap_index = 3437, .adv_w = 146, .box_w = 11, .box_h = 13, .ofs_x = -1, .ofs_y = -4},
    {.bitmap_index = 3470, .adv_w = 207, .box_w = 13, .box_h = 17, .ofs_x = 0, .ofs_y = -4},
    {.bitmap_index = 3508, .adv_w = 148, .box_w = 10, .box_h = 9, .ofs_x = 0, .ofs_y = 0},
    {.bitmap_index = 3532, .adv_w = 166, .box_w = 10, .box_h = 12, .ofs_x = 1, .ofs_y = -3},
    {.bitmap_index = 3546, .adv_w = 163, .box_w = 9, .box_h = 9, .ofs_x = 0, .ofs_y = 0},
    {.bitmap_index = 3562, .adv_w = 244, .box_w = 13, .box_h = 9, .ofs_x = 1, .ofs_y = 0},
    {.bitmap_index = 3575, .adv_w = 244, .box_w = 15, .box_h = 12, .ofs_x = 1, .ofs_y = -3},
    {.bitmap_index = 3596, .adv_w = 172, .box_w = 11, .box_h = 9, .ofs_x = 0, .ofs_y = 0},
    {.bitmap_index = 3616, .adv_w = 219, .box_w = 12, .box_h = 9, .ofs_x = 1, .ofs_y = 0},
    {.bitmap_index = 3636, .adv_w = 151, .box_w = 8, .box_h = 9, .ofs_x = 1, .ofs_y = 0},
    {.bitmap_index = 3650, .adv_w = 134, .box_w = 8, .box_h = 9, .ofs_x = 0, .ofs_y = 0},
    {.bitmap_index = 3669, .adv_w = 218, .box_w = 12, .box_h = 9, .ofs_x = 1, .ofs_y = 0},
    {.bitmap_index = 3695, .adv_w = 155, .box_w = 9, .box_h = 9, .ofs_x = 0, .ofs_y = 0},
    {.bitmap_index = 3714, .adv_w = 150, .box_w = 9, .box_h = 13, .ofs_x = 0, .ofs_y = 0},
    {.bitmap_index = 3743, .adv_w = 150, .box_w = 9, .box_h = 12, .ofs_x = 0, .ofs_y = 0},
    {.bitmap_index = 3771, .adv_w = 167, .box_w = 10, .box_h = 16, .ofs_x = 0, .ofs_y = -4},
    {.bitmap_index = 3802, .adv_w = 123, .box_w = 7, .box_h = 13, .ofs_x = 1, .ofs_y = 0},
    {.bitmap_index = 3816, .adv_w = 134, .box_w = 8, .box_h = 9, .ofs_x = 0, .ofs_y = 0},
    {.bitmap_index = 3834, .adv_w = 127, .box_w = 8, .box_h = 9, .ofs_x = 0, .ofs_y = 0},
    {.bitmap_index = 3852, .adv_w = 79, .box_w = 3, .box_h = 13, .ofs_x = 1, .ofs_y = 0},
    {.bitmap_index = 3859, .adv_w = 77, .box_w = 5, .box_h = 13, .ofs_x = 0, .ofs_y = 0},
    {.bitmap_index = 3868, .adv_w = 76, .box_w = 5, .box_h = 17, .ofs_x = -1, .ofs_y = -4},
    {.bitmap_index = 3881, .adv_w = 230, .box_w = 14, .box_h = 9, .ofs_x = 0, .ofs_y = 0},
    {.bitmap_index = 3907, .adv_w = 237, .box_w = 14, .box_h = 9, .ofs_x = 1, .ofs_y = 0},
    {.bitmap_index = 3929, .adv_w = 167, .box_w = 10, .box_h = 13, .ofs_x = 0, .ofs_y = 0},
    {.bitmap_index = 3954, .adv_w = 158, .box_w = 9, .box_h = 13, .ofs_x = 1, .ofs_y = 0},
    {.bitmap_index = 3981, .adv_w = 173, .box_w = 9, .box_h = 13, .ofs_x = 1, .ofs_y = 0},
    {.bitmap_index = 4006, .adv_w = 146, .box_w = 11, .box_h = 17, .ofs_x = -1, .ofs_y = -4},
    {.bitmap_index = 4049, .adv_w = 166, .box_w = 9, .box_h = 12, .ofs_x = 1, .ofs_y = -3},
    {.bitmap_index = 4065, .adv_w = 244, .box_w = 15, .box_h = 12, .ofs_x = 0, .ofs_y = 0},
    {.bitmap_index = 4105, .adv_w = 227, .box_w = 14, .box_h = 9, .ofs_x = 0, .ofs_y = 0},
    {.bitmap_index = 4136, .adv_w = 172, .box_w = 11, .box_h = 12, .ofs_x = 0, .ofs_y = 0},
    {.bitmap_index = 4164, .adv_w = 170, .box_w = 11, .box_h = 11, .ofs_x = 0, .ofs_y = 0},
    {.bitmap_index = 4192, .adv_w = 243, .box_w = 14, .box_h = 12, .ofs_x = 1, .ofs_y = 0},
    {.bitmap_index = 4228, .adv_w = 206, .box_w = 12, .box_h = 9, .ofs_x = 1, .ofs_y = 0},
    {.bitmap_index = 4253, .adv_w = 187, .box_w = 12, .box_h = 12, .ofs_x = 0, .ofs_y = 0},
    {.bitmap_index = 4285, .adv_w = 164, .box_w = 11, .box_h = 9, .ofs_x = 0, .ofs_y = 0},
    {.bitmap_index = 4309, .adv_w = 257, .box_w = 16, .box_h = 12, .ofs_x = 1, .ofs_y = 0},
    {.bitmap_index = 4351, .adv_w = 231, .box_w = 14, .box_h = 9, .ofs_x = 1, .ofs_y = 0},
    {.bitmap_index = 4380, .adv_w = 206, .box_w = 13, .box_h = 12, .ofs_x = 0, .ofs_y = 0},
    {.bitmap_index = 4417, .adv_w = 159, .box_w = 10, .box_h = 9, .ofs_x = 0, .ofs_y = 0},
    {.bitmap_index = 4440, .adv_w = 275, .box_w = 16, .box_h = 12, .ofs_x = 1, .ofs_y = 0},
    {.bitmap_index = 4482, .adv_w = 225, .box_w = 13, .box_h = 9, .ofs_x = 1, .ofs_y = 0},
    {.bitmap_index = 4511, .adv_w = 162, .box_w = 10, .box_h = 19, .ofs_x = 0, .ofs_y = -4},
    {.bitmap_index = 4556, .adv_w = 142, .box_w = 9, .box_h = 16, .ofs_x = 0, .ofs_y = -4},
    {.bitmap_index = 4591, .adv_w = 226, .box_w = 12, .box_h = 12, .ofs_x = 1, .ofs_y = 0},
    {.bitmap_index = 4614, .adv_w = 216, .box_w = 12, .box_h = 17, .ofs_x = 1, .ofs_y = -4},
    {.bitmap_index = 4647, .adv_w = 202, .box_w = 12, .box_h = 12, .ofs_x = 0, .ofs_y = 0},
    {.bitmap_index = 4681, .adv_w = 158, .box_w = 10, .box_h = 9, .ofs_x = 0, .ofs_y = 0},
    {.bitmap_index = 4704, .adv_w = 184, .box_w = 12, .box_h = 12, .ofs_x = 0, .ofs_y = 0},
    {.bitmap_index = 4738, .adv_w = 155, .box_w = 10, .box_h = 9, .ofs_x = 0, .ofs_y = 0},
    {.bitmap_index = 4761, .adv_w = 184, .box_w = 12, .box_h = 15, .ofs_x = 0, .ofs_y = 0},
    {.bitmap_index = 4804, .adv_w = 155, .box_w = 10, .box_h = 13, .ofs_x = 0, .ofs_y = 0},
    {.bitmap_index = 4837, .adv_w = 338, .box_w = 22, .box_h = 16, .ofs_x = 0, .ofs_y = -4},
    {.bitmap_index = 4914, .adv_w = 301, .box_w = 19, .box_h = 13, .ofs_x = 0, .ofs_y = -4},
    {.bitmap_index = 4972, .adv_w = 213, .box_w = 13, .box_h = 14, .ofs_x = 0, .ofs_y = -1},
    {.bitmap_index = 5015, .adv_w = 175, .box_w = 11, .box_h = 11, .ofs_x = 0, .ofs_y = -1},
    {.bitmap_index = 5043, .adv_w = 279, .box_w = 17, .box_h = 18, .ofs_x = 0, .ofs_y = 0},
    {.bitmap_index = 5111, .adv_w = 245, .box_w = 15, .box_h = 15, .ofs_x = 0, .ofs_y = 0},
    {.bitmap_index = 5162, .adv_w = 245, .box_w = 15, .box_h = 16, .ofs_x = 0, .ofs_y = 0},
    {.bitmap_index = 5213, .adv_w = 227, .box_w = 14, .box_h = 12, .ofs_x = 0, .ofs_y = 0},
    {.bitmap_index = 5253, .adv_w = 173, .box_w = 11, .box_h = 16, .ofs_x = 0, .ofs_y = -4},
    {.bitmap_index = 5285, .adv_w = 134, .box_w = 8, .box_h = 13, .ofs_x = 0, .ofs_y = -4},
    {.bitmap_index = 5307, .adv_w = 156, .box_w = 9, .box_h = 12, .ofs_x = 0, .ofs_y = -1},
    {.bitmap_index = 5332, .adv_w = 0, .box_w = 7, .box_h = 3, .ofs_x = -8, .ofs_y = 9},
    {.bitmap_index = 5337, .adv_w = 0, .box_w = 7, .box_h = 3, .ofs_x = -8, .ofs_y = 10},
    {.bitmap_index = 5343, .adv_w = 0, .box_w = 3, .box_h = 4, .ofs_x = -6, .ofs_y = 10},
    {.bitmap_index = 5347, .adv_w = 0, .box_w = 3, .box_h = 4, .ofs_x = -6, .ofs_y = 10},
    {.bitmap_index = 5351, .adv_w = 0, .box_w = 8, .box_h = 3, .ofs_x = -4, .ofs_y = 12},
    {.bitmap_index = 5358, .adv_w = 0, .box_w = 20, .box_h = 18, .ofs_x = -10, .ofs_y = -5},
    {.bitmap_index = 5423, .adv_w = 0, .box_w = 18, .box_h = 18, .ofs_x = -9, .ofs_y = -5},
    {.bitmap_index = 5482, .adv_w = 234, .box_w = 14, .box_h = 20, .ofs_x = 1, .ofs_y = -4},
    {.bitmap_index = 5540, .adv_w = 205, .box_w = 12, .box_h = 16, .ofs_x = 1, .ofs_y = -3},
    {.bitmap_index = 5580, .adv_w = 163, .box_w = 10, .box_h = 12, .ofs_x = 0, .ofs_y = 0},
    {.bitmap_index = 5606, .adv_w = 157, .box_w = 10, .box_h = 13, .ofs_x = 0, .ofs_y = 0},
    {.bitmap_index = 5633, .adv_w = 161, .box_w = 9, .box_h = 12, .ofs_x = 1, .ofs_y = 0},
    {.bitmap_index = 5655, .adv_w = 162, .box_w = 9, .box_h = 13, .ofs_x = 1, .ofs_y = -4},
    {.bitmap_index = 5682, .adv_w = 148, .box_w = 8, .box_h = 14, .ofs_x = 1, .ofs_y = 0},
    {.bitmap_index = 5693, .adv_w = 131, .box_w = 7, .box_h = 12, .ofs_x = 1, .ofs_y = 0},
    {.bitmap_index = 5705, .adv_w = 143, .box_w = 9, .box_h = 12, .ofs_x = 0, .ofs_y = 0},
    {.bitmap_index = 5722, .adv_w = 126, .box_w = 8, .box_h = 9, .ofs_x = 0, .ofs_y = 0},
    {.bitmap_index = 5736, .adv_w = 188, .box_w = 10, .box_h = 16, .ofs_x = 1, .ofs_y = -4},
    {.bitmap_index = 5767, .adv_w = 154, .box_w = 9, .box_h = 13, .ofs_x = 1, .ofs_y = -4},
    {.bitmap_index = 5793, .adv_w = 263, .box_w = 17, .box_h = 16, .ofs_x = 0, .ofs_y = -4},
    {.bitmap_index = 5847, .adv_w = 240, .box_w = 16, .box_h = 13, .ofs_x = -1, .ofs_y = -4},
    {.bitmap_index = 5890, .adv_w = 152, .box_w = 9, .box_h = 16, .ofs_x = 0, .ofs_y = -4},
    {.bitmap_index = 5926, .adv_w = 132, .box_w = 8, .box_h = 13, .ofs_x = 0, .ofs_y = -4},
    {.bitmap_index = 5953, .adv_w = 194, .box_w = 11, .box_h = 16, .ofs_x = 1, .ofs_y = -4},
    {.bitmap_index = 5987, .adv_w = 168, .box_w = 10, .box_h = 13, .ofs_x = 1, .ofs_y = -4},
    {.bitmap_index = 6014, .adv_w = 171, .box_w = 10, .box_h = 12, .ofs_x = 1, .ofs_y = 0},
    {.bitmap_index = 6040, .adv_w = 158, .box_w = 9, .box_h = 9, .ofs_x = 1, .ofs_y = 0},
    {.bitmap_index = 6060, .adv_w = 177, .box_w = 12, .box_h = 12, .ofs_x = 0, .ofs_y = 0},
    {.bitmap_index = 6092, .adv_w = 161, .box_w = 10, .box_h = 13, .ofs_x = 0, .ofs_y = 0},
    {.bitmap_index = 6122, .adv_w = 188, .box_w = 12, .box_h = 12, .ofs_x = 0, .ofs_y = 0},
    {.bitmap_index = 6153, .adv_w = 178, .box_w = 12, .box_h = 9, .ofs_x = 0, .ofs_y = 0},
    {.bitmap_index = 6176, .adv_w = 215, .box_w = 13, .box_h = 16, .ofs_x = 1, .ofs_y = -4},
    {.bitmap_index = 6199, .adv_w = 190, .box_w = 11, .box_h = 12, .ofs_x = 1, .ofs_y = -3},
    {.bitmap_index = 6219, .adv_w = 214, .box_w = 13, .box_h = 12, .ofs_x = 1, .ofs_y = 0},
    {.bitmap_index = 6236, .adv_w = 194, .box_w = 12, .box_h = 9, .ofs_x = 1, .ofs_y = 0},
    {.bitmap_index = 6251, .adv_w = 288, .box_w = 17, .box_h = 16, .ofs_x = 1, .ofs_y = -4},
    {.bitmap_index = 6294, .adv_w = 228, .box_w = 13, .box_h = 13, .ofs_x = 1, .ofs_y = -4},
    {.bitmap_index = 6326, .adv_w = 199, .box_w = 12, .box_h = 13, .ofs_x = 0, .ofs_y = -1},
    {.bitmap_index = 6364, .adv_w = 168, .box_w = 10, .box_h = 10, .ofs_x = 0, .ofs_y = -1},
    {.bitmap_index = 6388, .adv_w = 164, .box_w = 10, .box_h = 16, .ofs_x = 0, .ofs_y = -4},
    {.bitmap_index = 6424, .adv_w = 132, .box_w = 8, .box_h = 13, .ofs_x = 0, .ofs_y = -4},
    {.bitmap_index = 6448, .adv_w = 148, .box_w = 9, .box_h = 16, .ofs_x = 0, .ofs_y = -4},
    {.bitmap_index = 6464, .adv_w = 141, .box_w = 9, .box_h = 12, .ofs_x = 0, .ofs_y = -3},
    {.bitmap_index = 6480, .adv_w = 160, .box_w = 11, .box_h = 12, .ofs_x = 0, .ofs_y = 0},
    {.bitmap_index = 6506, .adv_w = 147, .box_w = 10, .box_h = 13, .ofs_x = 0, .ofs_y = -4},
    {.bitmap_index = 6531, .adv_w = 160, .box_w = 11, .box_h = 12, .ofs_x = 0, .ofs_y = 0},
    {.bitmap_index = 6563, .adv_w = 147, .box_w = 10, .box_h = 13, .ofs_x = 0, .ofs_y = -4},
    {.bitmap_index = 6595, .adv_w = 190, .box_w = 12, .box_h = 16, .ofs_x = 0, .ofs_y = -4},
    {.bitmap_index = 6636, .adv_w = 162, .box_w = 10, .box_h = 13, .ofs_x = 0, .ofs_y = -4},
    {.bitmap_index = 6665, .adv_w = 238, .box_w = 15, .box_h = 16, .ofs_x = 0, .ofs_y = -4},
    {.bitmap_index = 6690, .adv_w = 202, .box_w = 13, .box_h = 13, .ofs_x = 0, .ofs_y = -4},
    {.bitmap_index = 6710, .adv_w = 206, .box_w = 13, .box_h = 16, .ofs_x = 0, .ofs_y = -4},
    {.bitmap_index = 6736, .adv_w = 186, .box_w = 12, .box_h = 12, .ofs_x = 0, .ofs_y = -3},
    {.bitmap_index = 6759, .adv_w = 188, .box_w = 10, .box_h = 12, .ofs_x = 1, .ofs_y = 0},
    {.bitmap_index = 6779, .adv_w = 169, .box_w = 10, .box_h = 9, .ofs_x = 0, .ofs_y = 0},
    {.bitmap_index = 6798, .adv_w = 188, .box_w = 10, .box_h = 12, .ofs_x = 1, .ofs_y = 0},
    {.bitmap_index = 6815, .adv_w = 166, .box_w = 9, .box_h = 13, .ofs_x = 1, .ofs_y = 0},
    {.bitmap_index = 6832, .adv_w = 243, .box_w = 14, .box_h = 12, .ofs_x = 0, .ofs_y = 0},
    {.bitmap_index = 6871, .adv_w = 181, .box_w = 12, .box_h = 9, .ofs_x = -1, .ofs_y = 0},
    {.bitmap_index = 6898, .adv_w = 243, .box_w = 14, .box_h = 15, .ofs_x = 0, .ofs_y = -3},
    {.bitmap_index = 6942, .adv_w = 181, .box_w = 12, .box_h = 12, .ofs_x = -1, .ofs_y = -3},
    {.bitmap_index = 6974, .adv_w = 100, .box_w = 6, .box_h = 12, .ofs_x = 0, .ofs_y = 0},
    {.bitmap_index = 6984, .adv_w = 256, .box_w = 16, .box_h = 16, .ofs_x = 0, .ofs_y = 0},
    {.bitmap_index = 7043, .adv_w = 222, .box_w = 14, .box_h = 13, .ofs_x = 0, .ofs_y = 0},
    {.bitmap_index = 7085, .adv_w = 195, .box_w = 11, .box_h = 16, .ofs_x = 1, .ofs_y = -4},
    {.bitmap_index = 7124, .adv_w = 167, .box_w = 9, .box_h = 13, .ofs_x = 1, .ofs_y = -4},
    {.bitmap_index = 7152, .adv_w = 215, .box_w = 14, .box_h = 16, .ofs_x = 0, .ofs_y = -4},
    {.bitmap_index = 7191, .adv_w = 186, .box_w = 12, .box_h = 13, .ofs_x = 0, .ofs_y = -4},
    {.bitmap_index = 7221, .adv_w = 196, .box_w = 10, .box_h = 16, .ofs_x = 1, .ofs_y = -4},
    {.bitmap_index = 7245, .adv_w = 169, .box_w = 9, .box_h = 13, .ofs_x = 1, .ofs_y = -4},
    {.bitmap_index = 7266, .adv_w = 220, .box_w = 13, .box_h = 16, .ofs_x = 1, .ofs_y = -4},
    {.bitmap_index = 7294, .adv_w = 190, .box_w = 11, .box_h = 12, .ofs_x = 1, .ofs_y = -3},
    {.bitmap_index = 7316, .adv_w = 188, .box_w = 10, .box_h = 16, .ofs_x = 1, .ofs_y = -4},
    {.bitmap_index = 7341, .adv_w = 168, .box_w = 10, .box_h = 12, .ofs_x = 0, .ofs_y = -3},
    {.bitmap_index = 7363, .adv_w = 265, .box_w = 16, .box_h = 16, .ofs_x = 1, .ofs_y = -4},
    {.bitmap_index = 7416, .adv_w = 237, .box_w = 14, .box_h = 12, .ofs_x = 1, .ofs_y = -3},
    {.bitmap_index = 7452, .adv_w = 100, .box_w = 6, .box_h = 12, .ofs_x = 0, .ofs_y = 0},
    {.bitmap_index = 7462, .adv_w = 177, .box_w = 12, .box_h = 16, .ofs_x = 0, .ofs_y = 0},
    {.bitmap_index = 7505, .adv_w = 153, .box_w = 9, .box_h = 13, .ofs_x = 0, .ofs_y = 0},
    {.bitmap_index = 7534, .adv_w = 177, .box_w = 12, .box_h = 15, .ofs_x = 0, .ofs_y = 0},
    {.bitmap_index = 7572, .adv_w = 153, .box_w = 9, .box_h = 13, .ofs_x = 0, .ofs_y = 0},
    {.bitmap_index = 7600, .adv_w = 244, .box_w = 15, .box_h = 12, .ofs_x = 0, .ofs_y = 0},
    {.bitmap_index = 7639, .adv_w = 235, .box_w = 14, .box_h = 9, .ofs_x = 0, .ofs_y = 0},
    {.bitmap_index = 7672, .adv_w = 143, .box_w = 8, .box_h = 16, .ofs_x = 1, .ofs_y = 0},
    {.bitmap_index = 7698, .adv_w = 153, .box_w = 9, .box_h = 13, .ofs_x = 0, .ofs_y = 0},
    {.bitmap_index = 7727, .adv_w = 209, .box_w = 12, .box_h = 12, .ofs_x = 1, .ofs_y = 0},
    {.bitmap_index = 7760, .adv_w = 153, .box_w = 9, .box_h = 9, .ofs_x = 0, .ofs_y = 0},
    {.bitmap_index = 7782, .adv_w = 209, .box_w = 12, .box_h = 16, .ofs_x = 1, .ofs_y = 0},
    {.bitmap_index = 7825, .adv_w = 153, .box_w = 9, .box_h = 13, .ofs_x = 0, .ofs_y = 0},
    {.bitmap_index = 7854, .adv_w = 256, .box_w = 16, .box_h = 15, .ofs_x = 0, .ofs_y = 0},
    {.bitmap_index = 7910, .adv_w = 222, .box_w = 14, .box_h = 13, .ofs_x = 0, .ofs_y = 0},
    {.bitmap_index = 7952, .adv_w = 152, .box_w = 9, .box_h = 16, .ofs_x = 0, .ofs_y = 0},
    {.bitmap_index = 7987, .adv_w = 132, .box_w = 8, .box_h = 13, .ofs_x = 0, .ofs_y = 0},
    {.bitmap_index = 8012, .adv_w = 151, .box_w = 9, .box_h = 12, .ofs_x = 0, .ofs_y = 0},
    {.bitmap_index = 8039, .adv_w = 149, .box_w = 9, .box_h = 13, .ofs_x = 0, .ofs_y = -4},
    {.bitmap_index = 8067, .adv_w = 202, .box_w = 11, .box_h = 14, .ofs_x = 1, .ofs_y = 0},
    {.bitmap_index = 8098, .adv_w = 173, .box_w = 9, .box_h = 12, .ofs_x = 1, .ofs_y = 0},
    {.bitmap_index = 8121, .adv_w = 202, .box_w = 11, .box_h = 15, .ofs_x = 1, .ofs_y = 0},
    {.bitmap_index = 8154, .adv_w = 173, .box_w = 9, .box_h = 13, .ofs_x = 1, .ofs_y = 0},
    {.bitmap_index = 8179, .adv_w = 202, .box_w = 12, .box_h = 16, .ofs_x = 0, .ofs_y = 0},
    {.bitmap_index = 8220, .adv_w = 160, .box_w = 10, .box_h = 13, .ofs_x = 0, .ofs_y = 0},
    {.bitmap_index = 8250, .adv_w = 202, .box_w = 12, .box_h = 12, .ofs_x = 0, .ofs_y = 0},
    {.bitmap_index = 8284, .adv_w = 160, .box_w = 10, .box_h = 9, .ofs_x = 0, .ofs_y = 0},
    {.bitmap_index = 8307, .adv_w = 202, .box_w = 12, .box_h = 15, .ofs_x = 0, .ofs_y = 0},
    {.bitmap_index = 8349, .adv_w = 160, .box_w = 10, .box_h = 13, .ofs_x = 0, .ofs_y = 0},
    {.bitmap_index = 8381, .adv_w = 167, .box_w = 10, .box_h = 16, .ofs_x = 0, .ofs_y = 0},
    {.bitmap_index = 8419, .adv_w = 134, .box_w = 8, .box_h = 13, .ofs_x = 0, .ofs_y = 0},
    {.bitmap_index = 8444, .adv_w = 165, .box_w = 11, .box_h = 14, .ofs_x = 0, .ofs_y = 0},
    {.bitmap_index = 8480, .adv_w = 146, .box_w = 11, .box_h = 16, .ofs_x = -1, .ofs_y = -4},
    {.bitmap_index = 8520, .adv_w = 165, .box_w = 11, .box_h = 16, .ofs_x = 0, .ofs_y = 0},
    {.bitmap_index = 8561, .adv_w = 146, .box_w = 11, .box_h = 17, .ofs_x = -1, .ofs_y = -4},
    {.bitmap_index = 8604, .adv_w = 165, .box_w = 11, .box_h = 15, .ofs_x = 0, .ofs_y = 0},
    {.bitmap_index = 8644, .adv_w = 146, .box_w = 10, .box_h = 16, .ofs_x = 0, .ofs_y = -4},
    {.bitmap_index = 8683, .adv_w = 184, .box_w = 10, .box_h = 15, .ofs_x = 1, .ofs_y = 0},
    {.bitmap_index = 8707, .adv_w = 163, .box_w = 9, .box_h = 13, .ofs_x = 0, .ofs_y = 0},
    {.bitmap_index = 8730, .adv_w = 144, .box_w = 8, .box_h = 16, .ofs_x = 1, .ofs_y = -4},
    {.bitmap_index = 8745, .adv_w = 122, .box_w = 7, .box_h = 12, .ofs_x = 1, .ofs_y = -3},
    {.bitmap_index = 8759, .adv_w = 236, .box_w = 13, .box_h = 15, .ofs_x = 1, .ofs_y = 0},
    {.bitmap_index = 8792, .adv_w = 219, .box_w = 12, .box_h = 13, .ofs_x = 1, .ofs_y = 0},
    {.bitmap_index = 8821, .adv_w = 143, .box_w = 9, .box_h = 16, .ofs_x = 0, .ofs_y = -4},
    {.bitmap_index = 8849, .adv_w = 126, .box_w = 8, .box_h = 13, .ofs_x = 0, .ofs_y = -4},
    {.bitmap_index = 8871, .adv_w = 187, .box_w = 12, .box_h = 16, .ofs_x = 0, .ofs_y = -4},
    {.bitmap_index = 8915, .adv_w = 165, .box_w = 10, .box_h = 13, .ofs_x = 0, .ofs_y = -4},
    {.bitmap_index = 8947, .adv_w = 172, .box_w = 11, .box_h = 12, .ofs_x = 0, .ofs_y = 0},
    {.bitmap_index = 8982, .adv_w = 148, .box_w = 10, .box_h = 9, .ofs_x = 0, .ofs_y = 0}
};

/*---------------------
 *  CHARACTER MAPPING
 *--------------------*/



/*Collect the unicode lists and glyph_id offsets*/
static const lv_font_fmt_txt_cmap_t cmaps[] =
{
    {
        .range_start = 32, .range_length = 95, .glyph_id_start = 1,
        .unicode_list = NULL, .glyph_id_ofs_list = NULL, .list_length = 0, .type = LV_FONT_FMT_TXT_CMAP_FORMAT0_TINY
    },
    {
        .range_start = 1024, .range_length = 256, .glyph_id_start = 96,
        .unicode_list = NULL, .glyph_id_ofs_list = NULL, .list_length = 0, .type = LV_FONT_FMT_TXT_CMAP_FORMAT0_TINY
    }
};



/*--------------------
 *  ALL CUSTOM DATA
 *--------------------*/

#if LVGL_VERSION_MAJOR == 8
/*Store all the custom data of the font*/
static  lv_font_fmt_txt_glyph_cache_t cache;
#endif

#if LVGL_VERSION_MAJOR >= 8
static const lv_font_fmt_txt_dsc_t font_dsc = {
#else
static lv_font_fmt_txt_dsc_t font_dsc = {
#endif
    .glyph_bitmap = glyph_bitmap,
    .glyph_dsc = glyph_dsc,
    .cmaps = cmaps,
    .kern_dsc = NULL,
    .kern_scale = 0,
    .cmap_num = 2,
    .bpp = 2,
    .kern_classes = 0,
    .bitmap_format = 1,
#if LVGL_VERSION_MAJOR == 8
    .cache = &cache
#endif
};

extern const lv_font_t lv_font_montserrat_16;


/*-----------------
 *  PUBLIC FONT
 *----------------*/

/*Initialize a public general font descriptor*/
#if LVGL_VERSION_MAJOR >= 8
const lv_font_t osesp32_font_16_bold = {
#else
lv_font_t osesp32_font_16_bold = {
#endif
    .get_glyph_dsc = lv_font_get_glyph_dsc_fmt_txt,    /*Function pointer to get glyph's data*/
    .get_glyph_bitmap = lv_font_get_bitmap_fmt_txt,    /*Function pointer to get glyph's bitmap*/
    .line_height = 23,          /*The maximum line height required by the font*/
    .base_line = 5,             /*Baseline measured from the bottom of the line*/
#if !(LVGL_VERSION_MAJOR == 6 && LVGL_VERSION_MINOR == 0)
    .subpx = LV_FONT_SUBPX_NONE,
#endif
#if LV_VERSION_CHECK(7, 4, 0) || LVGL_VERSION_MAJOR >= 8
    .underline_position = -2,
    .underline_thickness = 1,
#endif
    .dsc = &font_dsc,          /*The custom font data. Will be accessed by `get_glyph_bitmap/dsc` */
#if LV_VERSION_CHECK(8, 2, 0) || LVGL_VERSION_MAJOR >= 9
    .fallback = &lv_font_montserrat_16,
#endif
    .user_data = NULL,
};



#endif /*#if OSESP32_FONT_16_BOLD*/

